frequency_tier,major_group,subgroup,top,morpheme,gloss_or_meaning,origin,notes
meta,Meta,How_to_read,Helper,(see column meanings),frequency_tier: 1=most common everyday; 2=high; 3=general; 4=common in academic/technical text; 5=specialized. major_group: Free_Lexical | Free_Functional | Bound_Greek | Bound_Latin | Bound_Germanic | Frankish_or_Continental_WG,"This file is a condensed morphological reference, not a linguistically exhaustive corpus inventory.","category: Entity (beings/roles/institutions); Location (places/regions/spatial-temporal frames); Object (physical items/substances); Helper (function words, adverb-like support); Tracker (actions/processes, verb-like); Secret (properties/qualities, adjective-like). Many English words are polymorphemic; listed bases/affixes are representative. Etymologies simplify complex borrowing chains."
1,Free_Functional,determiner_article,Helper,a,indefinite article (before consonant sound),Old English,
1,Free_Functional,determiner_article,Helper,an,indefinite article (before vowel sound),Old English,
1,Free_Functional,determiner_article,Helper,the,definite article,Old English,
1,Free_Functional,pronoun,Entity,I,1st singular subject pronoun,Old English (they/them/their early Scandinavian influence),
1,Free_Functional,pronoun,Entity,me,1st singular object pronoun,Old English (they/them/their early Scandinavian influence),
1,Free_Functional,pronoun,Entity,my,1st singular possessive determiner,Old English (they/them/their early Scandinavian influence),
1,Free_Functional,pronoun,Entity,mine,1st singular possessive pronoun,Old English (they/them/their early Scandinavian influence),
1,Free_Functional,pronoun,Entity,we,1st plural subject pronoun,Old English (they/them/their early Scandinavian influence),
1,Free_Functional,pronoun,Entity,us,1st plural object pronoun,Old English (they/them/their early Scandinavian influence),
1,Free_Functional,pronoun,Entity,our,1st plural possessive determiner,Old English (they/them/their early Scandinavian influence),
1,Free_Functional,pronoun,Entity,ours,1st plural possessive pronoun,Old English (they/them/their early Scandinavian influence),
1,Free_Functional,pronoun,Entity,you,2nd pronoun (subject/object),Old English (they/them/their early Scandinavian influence),
1,Free_Functional,pronoun,Entity,your,2nd possessive determiner,Old English (they/them/their early Scandinavian influence),
1,Free_Functional,pronoun,Entity,yours,2nd possessive pronoun,Old English (they/them/their early Scandinavian influence),
1,Free_Functional,pronoun,Entity,he,3rd masc. subject pronoun,Old English (they/them/their early Scandinavian influence),
1,Free_Functional,pronoun,Entity,him,3rd masc. object pronoun,Old English (they/them/their early Scandinavian influence),
1,Free_Functional,pronoun,Entity,his,3rd masc. possessive,Old English (they/them/their early Scandinavian influence),
1,Free_Functional,pronoun,Entity,she,3rd fem. subject pronoun,Old English (they/them/their early Scandinavian influence),
1,Free_Functional,pronoun,Entity,her,3rd fem. object/possessive det.,Old English (they/them/their early Scandinavian influence),
1,Free_Functional,pronoun,Entity,hers,3rd fem. possessive pronoun,Old English (they/them/their early Scandinavian influence),
1,Free_Functional,pronoun,Entity,it,3rd neuter pronoun,Old English (they/them/their early Scandinavian influence),
1,Free_Functional,pronoun,Entity,its,3rd neuter possessive,Old English (they/them/their early Scandinavian influence),
1,Free_Functional,pronoun,Entity,they,3rd plural epicene subject pronoun,Old English (they/them/their early Scandinavian influence),
1,Free_Functional,pronoun,Entity,them,3rd plural object pronoun,Old English (they/them/their early Scandinavian influence),
1,Free_Functional,pronoun,Entity,their,3rd plural possessive determiner,Old English (they/them/their early Scandinavian influence),
1,Free_Functional,pronoun,Entity,theirs,3rd plural possessive pronoun,Old English (they/them/their early Scandinavian influence),
1,Free_Functional,pronoun,Entity,one,indefinite pronoun; number one,Old English (they/them/their early Scandinavian influence),
1,Free_Functional,pronoun,Entity,oneself,reflexive of one,Old English (they/them/their early Scandinavian influence),
1,Free_Functional,pronoun_reflexive,Entity,myself,1sg reflexive,Old English + self compounds,
1,Free_Functional,pronoun_reflexive,Entity,yourself,2sg reflexive,Old English + self compounds,
1,Free_Functional,pronoun_reflexive,Entity,himself,3sg masc. reflexive,Old English + self compounds,
1,Free_Functional,pronoun_reflexive,Entity,herself,3sg fem. reflexive,Old English + self compounds,
1,Free_Functional,pronoun_reflexive,Entity,itself,3sg neut. reflexive,Old English + self compounds,
1,Free_Functional,pronoun_reflexive,Entity,ourselves,1pl reflexive,Old English + self compounds,
1,Free_Functional,pronoun_reflexive,Entity,yourselves,2pl reflexive,Old English + self compounds,
1,Free_Functional,pronoun_reflexive,Entity,themselves,3pl reflexive,Old English + self compounds,
1,Free_Functional,determiner_wh,Helper,this,proximal demonstrative,Old English / mixed,
1,Free_Functional,determiner_wh,Helper,that,distal demonstrative,Old English / mixed,
1,Free_Functional,determiner_wh,Helper,these,proximal plural,Old English / mixed,
1,Free_Functional,determiner_wh,Helper,those,distal plural,Old English / mixed,
1,Free_Functional,determiner_wh,Helper,some,indefinite quantifier/determiner,Old English / mixed,
1,Free_Functional,determiner_wh,Helper,any,free-choice/indefinite,Old English / mixed,
1,Free_Functional,determiner_wh,Helper,every,universal distributive,Old English / mixed,
1,Free_Functional,determiner_wh,Helper,each,distributive,Old English / mixed,
1,Free_Functional,determiner_wh,Helper,all,universal quantifier,Old English / mixed,
1,Free_Functional,determiner_wh,Helper,both,dual quantifier,Old English / mixed,
1,Free_Functional,determiner_wh,Helper,few,small quantity,Old English / mixed,
1,Free_Functional,determiner_wh,Helper,little,small amount (non-count),Old English / mixed,
1,Free_Functional,determiner_wh,Helper,many,large count,Old English / mixed,
1,Free_Functional,determiner_wh,Helper,much,large non-count,Old English / mixed,
1,Free_Functional,determiner_wh,Helper,more,comparative quantifier,Old English / mixed,
1,Free_Functional,determiner_wh,Helper,most,superlative quantifier,Old English / mixed,
1,Free_Functional,determiner_wh,Helper,several,more than two but indefinite,Old English / mixed,
1,Free_Functional,determiner_wh,Helper,such,demonstrative of type,Old English / mixed,
1,Free_Functional,determiner_wh,Helper,what,wh- interrogative/relative,Old English / mixed,
1,Free_Functional,determiner_wh,Helper,which,wh- restrictive,Old English / mixed,
1,Free_Functional,determiner_wh,Helper,whose,possessive wh-,Old English / mixed,
1,Free_Functional,determiner_wh,Helper,who,wh- subject (person),Old English / mixed,
1,Free_Functional,determiner_wh,Helper,whom,wh- object (formal),Old English / mixed,
1,Free_Functional,determiner_wh,Location,where,wh- place,Old English / mixed,
1,Free_Functional,determiner_wh,Helper,when,wh- time,Old English / mixed,
1,Free_Functional,determiner_wh,Helper,why,wh- reason,Old English / mixed,
1,Free_Functional,determiner_wh,Helper,how,wh- manner,Old English / mixed,
1,Free_Functional,determiner_wh,Helper,whether,alternative interrogative,Old English / mixed,
1,Free_Functional,conjunction_coordinating,Helper,and,coordinating conjunction,Old English,
1,Free_Functional,conjunction_coordinating,Helper,or,disjunctive coordinator,Old English,
1,Free_Functional,conjunction_coordinating,Helper,but,adversative coordinator,Old English,
1,Free_Functional,conjunction_coordinating,Helper,nor,negative coordinator,Old English,
1,Free_Functional,conjunction_coordinating,Helper,so,result coordinator / degree,Old English,
1,Free_Functional,conjunction_coordinating,Helper,yet,adversative / aspect,Old English,
1,Free_Functional,conjunction_coordinating,Helper,for,causal coordinator (archaic),Old English,
2,Free_Functional,conjunction_subordinating,Helper,because,causal subordinator,Old English / Old Norse / Latin loans in ME,
2,Free_Functional,conjunction_subordinating,Helper,although,concessive subordinator,Old English / Old Norse / Latin loans in ME,
2,Free_Functional,conjunction_subordinating,Helper,if,conditional subordinator,Old English / Old Norse / Latin loans in ME,
2,Free_Functional,conjunction_subordinating,Helper,unless,negative conditional,Old English / Old Norse / Latin loans in ME,
2,Free_Functional,conjunction_subordinating,Helper,until,temporal terminus,Old English / Old Norse / Latin loans in ME,
2,Free_Functional,conjunction_subordinating,Helper,while,temporal/concessive,Old English / Old Norse / Latin loans in ME,
2,Free_Functional,conjunction_subordinating,Helper,whereas,contrastive,Old English / Old Norse / Latin loans in ME,
2,Free_Functional,conjunction_subordinating,Helper,since,temporal/causal,Old English / Old Norse / Latin loans in ME,
2,Free_Functional,conjunction_subordinating,Helper,than,comparative subordinator,Old English / Old Norse / Latin loans in ME,
2,Free_Functional,conjunction_subordinating,Helper,as,manner/temporal/comparative,Old English / Old Norse / Latin loans in ME,
2,Free_Functional,conjunction_subordinating,Helper,that,complementizer/relative,Old English / Old Norse / Latin loans in ME,
1,Free_Functional,preposition,Location,of,genitive/partitive,Old English / Old Norse / Latin/French loans,
1,Free_Functional,preposition,Location,in,inclusion/location,Old English / Old Norse / Latin/French loans,
1,Free_Functional,preposition,Location,to,direction/dative,Old English / Old Norse / Latin/French loans,
1,Free_Functional,preposition,Location,for,benefit/purpose,Old English / Old Norse / Latin/French loans,
1,Free_Functional,preposition,Location,with,comitative,Old English / Old Norse / Latin/French loans,
1,Free_Functional,preposition,Location,on,contact/support,Old English / Old Norse / Latin/French loans,
1,Free_Functional,preposition,Location,at,point location,Old English / Old Norse / Latin/French loans,
1,Free_Functional,preposition,Location,from,source,Old English / Old Norse / Latin/French loans,
1,Free_Functional,preposition,Location,by,agent/means/near/via,Old English / Old Norse / Latin/French loans,
1,Free_Functional,preposition,Location,about,topic/approximation,Old English / Old Norse / Latin/French loans,
1,Free_Functional,preposition,Location,into,ingress/inward motion,Old English / Old Norse / Latin/French loans,
1,Free_Functional,preposition,Location,through,path/medium/completion,Old English / Old Norse / Latin/French loans,
1,Free_Functional,preposition,Location,during,duration,Old English / Old Norse / Latin/French loans,
1,Free_Functional,preposition,Location,including,inclusion,Old English / Old Norse / Latin/French loans,
1,Free_Functional,preposition,Location,against,opposition,Old English / Old Norse / Latin/French loans,
1,Free_Functional,preposition,Location,among,multi-partitive,Old English / Old Norse / Latin/French loans,
1,Free_Functional,preposition,Location,throughout,pervasive,Old English / Old Norse / Latin/French loans,
1,Free_Functional,preposition,Location,despite,concession,Old English / Old Norse / Latin/French loans,
1,Free_Functional,preposition,Location,toward,direction,Old English / Old Norse / Latin/French loans,
1,Free_Functional,preposition,Location,towards,direction (variant),Old English / Old Norse / Latin/French loans,
1,Free_Functional,preposition,Location,upon,on (formal/literary),Old English / Old Norse / Latin/French loans,
1,Free_Functional,preposition,Location,concerning,topic,Old English / Old Norse / Latin/French loans,
1,Free_Functional,preposition,Location,considering,given,Old English / Old Norse / Latin/French loans,
1,Free_Functional,preposition,Location,regarding,topic,Old English / Old Norse / Latin/French loans,
1,Free_Functional,preposition,Location,following,after in time,Old English / Old Norse / Latin/French loans,
1,Free_Functional,preposition,Location,across,traversal,Old English / Old Norse / Latin/French loans,
1,Free_Functional,preposition,Location,behind,posterior,Old English / Old Norse / Latin/French loans,
1,Free_Functional,preposition,Location,below,lower,Old English / Old Norse / Latin/French loans,
1,Free_Functional,preposition,Location,beneath,under,Old English / Old Norse / Latin/French loans,
1,Free_Functional,preposition,Location,beside,next to,Old English / Old Norse / Latin/French loans,
1,Free_Functional,preposition,Location,between,intermediate,Old English / Old Norse / Latin/French loans,
1,Free_Functional,preposition,Location,beyond,excess/far side,Old English / Old Norse / Latin/French loans,
1,Free_Functional,preposition,Location,but,except,Old English / Old Norse / Latin/French loans,
1,Free_Functional,preposition,Location,down,descent,Old English / Old Norse / Latin/French loans,
1,Free_Functional,preposition,Location,inside,interior,Old English / Old Norse / Latin/French loans,
1,Free_Functional,preposition,Location,like,similarity,Old English / Old Norse / Latin/French loans,
1,Free_Functional,preposition,Location,near,proximity,Old English / Old Norse / Latin/French loans,
1,Free_Functional,preposition,Location,off,disconnection,Old English / Old Norse / Latin/French loans,
1,Free_Functional,preposition,Location,onto,contact motion,Old English / Old Norse / Latin/French loans,
1,Free_Functional,preposition,Location,opposite,facing,Old English / Old Norse / Latin/French loans,
1,Free_Functional,preposition,Location,out,egress,Old English / Old Norse / Latin/French loans,
1,Free_Functional,preposition,Location,outside,exterior,Old English / Old Norse / Latin/French loans,
1,Free_Functional,preposition,Location,over,above/coverage,Old English / Old Norse / Latin/French loans,
1,Free_Functional,preposition,Location,past,beyond in space/time,Old English / Old Norse / Latin/French loans,
1,Free_Functional,preposition,Location,per,each/by,Old English / Old Norse / Latin/French loans,
1,Free_Functional,preposition,Location,plus,addition,Old English / Old Norse / Latin/French loans,
1,Free_Functional,preposition,Location,round,circumference,Old English / Old Norse / Latin/French loans,
1,Free_Functional,preposition,Location,since,from a time,Old English / Old Norse / Latin/French loans,
1,Free_Functional,preposition,Location,than,comparison,Old English / Old Norse / Latin/French loans,
1,Free_Functional,preposition,Location,till,until (informal),Old English / Old Norse / Latin/French loans,
1,Free_Functional,preposition,Location,under,below,Old English / Old Norse / Latin/French loans,
1,Free_Functional,preposition,Location,underneath,directly under,Old English / Old Norse / Latin/French loans,
1,Free_Functional,preposition,Location,unlike,dissimilarity,Old English / Old Norse / Latin/French loans,
1,Free_Functional,preposition,Location,until,terminus,Old English / Old Norse / Latin/French loans,
1,Free_Functional,preposition,Location,up,ascent,Old English / Old Norse / Latin/French loans,
1,Free_Functional,preposition,Location,via,by way of,Old English / Old Norse / Latin/French loans,
1,Free_Functional,preposition,Location,within,inside limit,Old English / Old Norse / Latin/French loans,
1,Free_Functional,preposition,Location,without,absence,Old English / Old Norse / Latin/French loans,
1,Free_Functional,negation,Helper,not,negation particle,Old English,
1,Free_Functional,negation,Helper,no,negative determiner/answer,Old English,
1,Free_Functional,negation,Helper,nor,negative continuation,Old English,
1,Free_Functional,negation,Helper,never,neg. time adverb,Old English,
1,Free_Functional,negation,Helper,neither,neg. alternative,Old English,
1,Free_Functional,negation,Helper,nobody,neg. pronoun,Old English,
1,Free_Functional,negation,Helper,nothing,neg. pronoun,Old English,
1,Free_Functional,negation,Helper,nowhere,neg. place,Old English,
1,Free_Functional,negation,Helper,no one,neg. pronoun,Old English,
1,Free_Functional,auxiliary_modal,Helper,do,dummy auxiliary / main verb,Old English; modals mixed Germanic,
1,Free_Functional,auxiliary_modal,Helper,does,3sg present auxiliary,Old English; modals mixed Germanic,
1,Free_Functional,auxiliary_modal,Helper,did,past auxiliary,Old English; modals mixed Germanic,
1,Free_Functional,auxiliary_modal,Helper,have,perfect auxiliary / main verb,Old English; modals mixed Germanic,
1,Free_Functional,auxiliary_modal,Helper,has,3sg perfect auxiliary,Old English; modals mixed Germanic,
1,Free_Functional,auxiliary_modal,Helper,had,past perfect auxiliary,Old English; modals mixed Germanic,
1,Free_Functional,auxiliary_modal,Helper,be,copula/progressive/passive auxiliary,Old English; modals mixed Germanic,
1,Free_Functional,auxiliary_modal,Helper,am,1sg copula,Old English; modals mixed Germanic,
1,Free_Functional,auxiliary_modal,Helper,is,3sg copula,Old English; modals mixed Germanic,
1,Free_Functional,auxiliary_modal,Helper,are,plural/2sg copula,Old English; modals mixed Germanic,
1,Free_Functional,auxiliary_modal,Helper,was,1/3sg past copula,Old English; modals mixed Germanic,
1,Free_Functional,auxiliary_modal,Helper,were,plural/2 past copula,Old English; modals mixed Germanic,
1,Free_Functional,auxiliary_modal,Helper,been,past participle be,Old English; modals mixed Germanic,
1,Free_Functional,auxiliary_modal,Helper,being,progressive/participle,Old English; modals mixed Germanic,
1,Free_Functional,auxiliary_modal,Helper,will,future modal,Old English; modals mixed Germanic,
1,Free_Functional,auxiliary_modal,Helper,would,conditional modal,Old English; modals mixed Germanic,
1,Free_Functional,auxiliary_modal,Helper,shall,future/deontic,Old English; modals mixed Germanic,
1,Free_Functional,auxiliary_modal,Helper,should,weak obligation/hypothetical,Old English; modals mixed Germanic,
1,Free_Functional,auxiliary_modal,Helper,can,ability/permission,Old English; modals mixed Germanic,
1,Free_Functional,auxiliary_modal,Helper,could,past can / irrealis,Old English; modals mixed Germanic,
1,Free_Functional,auxiliary_modal,Helper,may,permission/possibility,Old English; modals mixed Germanic,
1,Free_Functional,auxiliary_modal,Helper,might,weak possibility,Old English; modals mixed Germanic,
1,Free_Functional,auxiliary_modal,Helper,must,strong necessity,Old English; modals mixed Germanic,
1,Free_Functional,auxiliary_modal,Helper,ought,weak obligation,Old English; modals mixed Germanic,
1,Free_Functional,auxiliary_modal,Helper,dare,marginal modal,Old English; modals mixed Germanic,
1,Free_Functional,auxiliary_modal,Helper,need,semi-modal (need not),Old English; modals mixed Germanic,
1,Free_Functional,auxiliary_modal,Helper,used,past habit (used to),Old English; modals mixed Germanic,
2,Free_Functional,particle_adverb_misc,Helper,there,existential/locative,Mixed,
2,Free_Functional,particle_adverb_misc,Helper,here,locative,Mixed,
2,Free_Functional,particle_adverb_misc,Helper,now,temporal deictic,Mixed,
2,Free_Functional,particle_adverb_misc,Helper,then,temporal/anaphoric,Mixed,
2,Free_Functional,particle_adverb_misc,Helper,so,degree/anaphor,Mixed,
2,Free_Functional,particle_adverb_misc,Helper,very,intensifier,Mixed,
2,Free_Functional,particle_adverb_misc,Helper,just,restrictive/temporal,Mixed,
2,Free_Functional,particle_adverb_misc,Helper,only,exclusive,Mixed,
2,Free_Functional,particle_adverb_misc,Helper,even,scalar focus,Mixed,
2,Free_Functional,particle_adverb_misc,Helper,also,additive,Mixed,
2,Free_Functional,particle_adverb_misc,Helper,too,additive,Mixed,
2,Free_Functional,particle_adverb_misc,Helper,either,additive in negatives,Mixed,
2,Free_Functional,particle_adverb_misc,Helper,again,repetition,Mixed,
2,Free_Functional,particle_adverb_misc,Helper,once,one time,Mixed,
2,Free_Functional,particle_adverb_misc,Helper,twice,two times,Mixed,
2,Free_Functional,particle_adverb_misc,Helper,thrice,three times (archaic),Mixed,
2,Free_Functional,particle_adverb_misc,Helper,yes,affirmation,Mixed,
2,Free_Functional,particle_adverb_misc,Helper,yeah,affirmation informal,Mixed,
2,Free_Functional,particle_adverb_misc,Helper,no,negation,Mixed,
2,Free_Functional,particle_adverb_misc,Helper,ok,agreement,Mixed,
2,Free_Functional,particle_adverb_misc,Helper,please,politeness marker / request softener,Mixed,
2,Free_Functional,particle_adverb_misc,Helper,hello,greeting,Mixed,
2,Free_Functional,particle_adverb_misc,Helper,goodbye,farewell,Mixed,
1,Free_Lexical,noun_verb_common,Tracker,time,temporal interval,Old English,
1,Free_Lexical,noun_verb_common,Tracker,way,manner/path,Old English,
1,Free_Lexical,noun_verb_common,Tracker,year,calendar year,Old English,
1,Free_Lexical,noun_verb_common,Tracker,work,labor/employment,Old English,
1,Free_Lexical,noun_verb_common,Tracker,day,solar day,Old English,
1,Free_Lexical,noun_verb_common,Tracker,man,adult male / human,Old English,
1,Free_Lexical,noun_verb_common,Tracker,world,earth/human sphere,Old English,
1,Free_Lexical,noun_verb_common,Tracker,life,living,Old English,
1,Free_Lexical,noun_verb_common,Tracker,hand,body part,Old English,
1,Free_Lexical,noun_verb_common,Tracker,part,piece,Old English,
1,Free_Lexical,noun_verb_common,Tracker,child,young human,Old English,
1,Free_Lexical,noun_verb_common,Tracker,eye,organ of sight,Old English,
1,Free_Lexical,noun_verb_common,Tracker,woman,adult female,Old English,
1,Free_Lexical,noun_verb_common,Tracker,place,location,Old English,
1,Free_Lexical,noun_verb_common,Tracker,week,seven-day period,Old English,
1,Free_Lexical,noun_verb_common,Tracker,case,instance/container/legal sense,Old English,
1,Free_Lexical,noun_verb_common,Tracker,point,sharp tip/dot,Old English,
1,Free_Lexical,noun_verb_common,Tracker,government,governing institution,Old French from Latin,
1,Free_Lexical,noun_verb_common,Tracker,company,business/companionship,Old French,
1,Free_Lexical,noun_verb_common,Tracker,number,count/numeral,Old French/Anglo-French,
1,Free_Lexical,noun_verb_common,Tracker,night,dark period,Old English,
1,Free_Lexical,noun_verb_common,Tracker,home,dwelling,Old English,
1,Free_Lexical,noun_verb_common,Tracker,water,H2O,Old English,
1,Free_Lexical,noun_verb_common,Tracker,room,chamber,Old English,
1,Free_Lexical,noun_verb_common,Tracker,mother,female parent,Old English,
1,Free_Lexical,noun_verb_common,Tracker,area,region,Latin,
1,Free_Lexical,noun_verb_common,Tracker,money,currency,Old French,
1,Free_Lexical,noun_verb_common,Tracker,story,narrative,Anglo-French,
1,Free_Lexical,noun_verb_common,Tracker,fact,thing done/truth,Latin,
1,Free_Lexical,noun_verb_common,Tracker,month,lunar period,Old English,
1,Free_Lexical,noun_verb_common,Tracker,lot,fate/much,Old English,
1,Free_Lexical,noun_verb_common,Tracker,right,correct/side,Old English,
1,Free_Lexical,noun_verb_common,Tracker,study,learn/examine,Old French/Latin,
1,Free_Lexical,noun_verb_common,Tracker,book,text,Old English,
1,Free_Lexical,noun_verb_common,Tracker,word,lexical unit,Old English,
1,Free_Lexical,noun_verb_common,Tracker,business,commerce/matter,Old English,
1,Free_Lexical,noun_verb_common,Tracker,issue,outflow/topic,Old French/Latin,
1,Free_Lexical,noun_verb_common,Tracker,side,edge/lateral,Old English,
1,Free_Lexical,noun_verb_common,Tracker,kind,type,Old English,
1,Free_Lexical,noun_verb_common,Tracker,head,body top/leader,Old English,
1,Free_Lexical,noun_verb_common,Tracker,house,dwelling,Old English,
1,Free_Lexical,noun_verb_common,Tracker,service,help/ceremony,Old French,
1,Free_Lexical,noun_verb_common,Tracker,friend,ally,Old English,
1,Free_Lexical,noun_verb_common,Tracker,father,male parent,Old English,
1,Free_Lexical,noun_verb_common,Tracker,power,ability/authority,Old French,
1,Free_Lexical,noun_verb_common,Tracker,hour,60 minutes,Old French,
1,Free_Lexical,noun_verb_common,Tracker,game,play,Old English/Norse,
1,Free_Lexical,noun_verb_common,Tracker,line,string/queue,Old English/French,
1,Free_Lexical,noun_verb_common,Tracker,end,termination,Old English,
1,Free_Lexical,noun_verb_common,Tracker,member,part/person,Old French/Latin,
1,Free_Lexical,noun_verb_common,Tracker,law,rule,Old English,
1,Free_Lexical,noun_verb_common,Tracker,car,vehicle,Latin via Celtic/French,
1,Free_Lexical,noun_verb_common,Tracker,city,urban area,Old French,
1,Free_Lexical,noun_verb_common,Tracker,community,group,Old French/Latin,
1,Free_Lexical,noun_verb_common,Tracker,name,label,Old English,
1,Free_Lexical,noun_verb_common,Tracker,president,leader,Latin via French,
1,Free_Lexical,noun_verb_common,Tracker,team,group,Old English,
1,Free_Lexical,noun_verb_common,Tracker,minute,time unit,Old French/Latin,
1,Free_Lexical,noun_verb_common,Tracker,idea,thought,Greek via Latin,
1,Free_Lexical,noun_verb_common,Tracker,kid,child,Old Norse,
1,Free_Lexical,noun_verb_common,Tracker,body,corpus,Old English,
1,Free_Lexical,noun_verb_common,Tracker,information,data,Old French/Latin,
1,Free_Lexical,noun_verb_common,Tracker,nothing,negation of thing,Old English compound,
1,Free_Lexical,noun_verb_common,Tracker,door,portal,Old English,
1,Free_Lexical,noun_verb_common,Tracker,health,wellness,Old English,
1,Free_Lexical,noun_verb_common,Tracker,back,rear,Old English,
1,Free_Lexical,noun_verb_common,Tracker,office,bureau,Latin via French,
1,Free_Lexical,noun_verb_common,Tracker,people,persons,Old French/Latin,
1,Free_Lexical,noun_verb_common,Tracker,gun,firearm,Germanic,
1,Free_Lexical,noun_verb_common,Tracker,war,armed conflict,Old French (Germanic origin debated),
1,Free_Lexical,noun_verb_common,Tracker,history,past narrative,Greek via Latin,
1,Free_Lexical,noun_verb_common,Tracker,party,group/festivity,Old French,
1,Free_Lexical,noun_verb_common,Tracker,result,outcome,Latin,
1,Free_Lexical,noun_verb_common,Tracker,change,alter,Old French/Latin,
1,Free_Lexical,noun_verb_common,Tracker,morning,a.m. period,Old English,
1,Free_Lexical,noun_verb_common,Tracker,reason,cause,Old French/Latin,
1,Free_Lexical,noun_verb_common,Tracker,research,investigation,French/Latin,
1,Free_Lexical,noun_verb_common,Tracker,girl,young female,Middle English,
1,Free_Lexical,noun_verb_common,Tracker,guy,man informal,French name Guy extended,
1,Free_Lexical,noun_verb_common,Tracker,food,nourishment,Old English,
1,Free_Lexical,noun_verb_common,Tracker,air,atmosphere,Old French/Latin,
1,Free_Lexical,noun_verb_common,Tracker,force,strength,Old French/Latin,
1,Free_Lexical,noun_verb_common,Tracker,education,schooling,Latin,
1,Free_Lexical,noun_verb_common,Tracker,foot,body part/unit,Old English,
1,Free_Lexical,noun_verb_common,Tracker,boy,young male,Middle English,
2,Free_Lexical,verb_common,Tracker,believe,accept as true,Old English,
2,Free_Lexical,verb_common,Tracker,hold,grasp/keep,Old English,
2,Free_Lexical,verb_common,Tracker,bring,carry here,Old English,
2,Free_Lexical,verb_common,Tracker,happen,occur,Old Norse/English,
2,Free_Lexical,verb_common,Tracker,write,inscribe,Old English,
2,Free_Lexical,verb_common,Tracker,sit,be seated,Old English,
2,Free_Lexical,verb_common,Tracker,stand,be upright,Old English,
2,Free_Lexical,verb_common,Tracker,lose,misplace,Old English,
2,Free_Lexical,verb_common,Tracker,pay,give money,Old French,
2,Free_Lexical,verb_common,Tracker,meet,encounter,Old English,
2,Free_Lexical,verb_common,Tracker,include,contain,Latin,
2,Free_Lexical,verb_common,Tracker,continue,persist,Old French/Latin,
2,Free_Lexical,verb_common,Tracker,set,put/fixed,Old English,
2,Free_Lexical,verb_common,Tracker,learn,acquire skill,Old English,
2,Free_Lexical,verb_common,Tracker,lead,guide,Old English,
2,Free_Lexical,verb_common,Tracker,understand,comprehend,Old English,
2,Free_Lexical,verb_common,Tracker,watch,observe,Old English,
2,Free_Lexical,verb_common,Tracker,follow,come after,Old English,
2,Free_Lexical,verb_common,Tracker,stop,cease,Old English,
2,Free_Lexical,verb_common,Tracker,create,make,Latin,
2,Free_Lexical,verb_common,Tracker,speak,talk,Old English,
2,Free_Lexical,verb_common,Tracker,read,interpret text,Old English,
2,Free_Lexical,verb_common,Tracker,spend,use money/time,Old English,
2,Free_Lexical,verb_common,Tracker,grow,increase,Old English,
2,Free_Lexical,verb_common,Tracker,open,unclose,Old English,
2,Free_Lexical,verb_common,Tracker,walk,go on foot,Old English,
2,Free_Lexical,verb_common,Tracker,win,victory,Old English,
2,Free_Lexical,verb_common,Tracker,offer,present,Old English,
2,Free_Lexical,verb_common,Tracker,remember,recall,Old English,
2,Free_Lexical,verb_common,Tracker,love,affection,Old English,
2,Free_Lexical,verb_common,Tracker,consider,think about,Latin,
2,Free_Lexical,verb_common,Tracker,appear,come into view,Latin,
2,Free_Lexical,verb_common,Tracker,buy,purchase,Old English,
2,Free_Lexical,verb_common,Tracker,wait,delay for,Old North French,
2,Free_Lexical,verb_common,Tracker,serve,assist,Old French,
2,Free_Lexical,verb_common,Tracker,die,cease living,Old Norse/English,
2,Free_Lexical,verb_common,Tracker,send,dispatch,Old English,
2,Free_Lexical,verb_common,Tracker,build,construct,Old English,
2,Free_Lexical,verb_common,Tracker,stay,remain,Old French,
2,Free_Lexical,verb_common,Tracker,fall,descend,Old English,
2,Free_Lexical,verb_common,Tracker,cut,sever,Old English,
2,Free_Lexical,verb_common,Tracker,reach,extend to,Old English,
2,Free_Lexical,verb_common,Tracker,kill,slay,Old English,
2,Free_Lexical,verb_common,Tracker,raise,lift,Old Norse,
2,Free_Lexical,verb_common,Tracker,pass,go by,Old French,
2,Free_Lexical,verb_common,Tracker,sell,vend,Old English,
2,Free_Lexical,verb_common,Tracker,decide,determine,Latin,
2,Free_Lexical,verb_common,Tracker,return,go back,Old French,
2,Free_Lexical,verb_common,Tracker,explain,make clear,Latin,
2,Free_Lexical,verb_common,Tracker,develop,unfold,French/Latin,
2,Free_Lexical,verb_common,Tracker,carry,bear,Old North French,
2,Free_Lexical,verb_common,Tracker,break,fracture,Old English,
2,Free_Lexical,verb_common,Tracker,receive,get,Old French/Latin,
2,Free_Lexical,verb_common,Tracker,agree,consent,Old French,
2,Free_Lexical,verb_common,Tracker,support,hold up,Old French/Latin,
2,Free_Lexical,verb_common,Tracker,hit,strike,Old Norse,
2,Free_Lexical,verb_common,Tracker,produce,make,Latin,
2,Free_Lexical,verb_common,Tracker,eat,consume food,Old English,
2,Free_Lexical,verb_common,Tracker,cover,overlay,Old French,
2,Free_Lexical,verb_common,Tracker,catch,seize,Old Norse/English,
2,Free_Lexical,verb_common,Tracker,draw,pull/sketch,Old English,
2,Free_Lexical,verb_common,Tracker,choose,select,Old English,
2,Free_Lexical,adjective_common,Secret,new,novel,Old English,
2,Free_Lexical,adjective_common,Secret,good,positive quality,Old English,
2,Free_Lexical,adjective_common,Secret,high,tall,Old English,
2,Free_Lexical,adjective_common,Secret,old,aged,Old English,
2,Free_Lexical,adjective_common,Secret,great,large,Old English,
2,Free_Lexical,adjective_common,Secret,big,large,Middle English,
2,Free_Lexical,adjective_common,Secret,small,little,Old English,
2,Free_Lexical,adjective_common,Secret,large,big,Old French/Latin,
2,Free_Lexical,adjective_common,Secret,next,following,Old English,
2,Free_Lexical,adjective_common,Secret,early,before time,Old English,
2,Free_Lexical,adjective_common,Secret,young,not old,Old English,
2,Free_Lexical,adjective_common,Secret,important,significant,French/Latin,
2,Free_Lexical,adjective_common,Secret,few,small number,Old English,
2,Free_Lexical,adjective_common,Secret,public,open to all,Latin via French,
2,Free_Lexical,adjective_common,Secret,bad,negative quality,Old English,
2,Free_Lexical,adjective_common,Secret,same,identical,Old Norse/English,
2,Free_Lexical,adjective_common,Secret,able,capable,Old French/Latin,
2,Free_Lexical,adjective_common,Secret,political,of polity,Greek via Latin,
2,Free_Lexical,adjective_common,Secret,sure,certain,Old French,
2,Free_Lexical,adjective_common,Secret,free,unbound,Old English,
2,Free_Lexical,adjective_common,Secret,full,complete,Old English,
2,Free_Lexical,adjective_common,Secret,real,actual,Old French,
2,Free_Lexical,adjective_common,Secret,easy,not hard,Old French,
2,Free_Lexical,adjective_common,Secret,white,color,Old English,
2,Free_Lexical,adjective_common,Secret,black,color,Old English,
2,Free_Lexical,adjective_common,Secret,strong,forceful,Old English,
2,Free_Lexical,adjective_common,Secret,clear,transparent,Old French/Latin,
2,Free_Lexical,adjective_common,Secret,simple,not complex,Old French/Latin,
2,Free_Lexical,adjective_common,Secret,whole,entire,Old English,
2,Free_Lexical,adjective_common,Secret,short,not long,Old English,
2,Free_Lexical,adjective_common,Secret,long,extended,Old English,
2,Free_Lexical,adjective_common,Secret,little,small,Old English,
2,Free_Lexical,adjective_common,Secret,low,not high,Old English,
2,Free_Lexical,adjective_common,Secret,human,of people,Latin,
2,Free_Lexical,adjective_common,Secret,local,nearby,Latin,
2,Free_Lexical,adjective_common,Secret,late,after due,Old English,
2,Free_Lexical,adjective_common,Secret,hard,difficult/solid,Old English,
2,Free_Lexical,adjective_common,Secret,main,principal,Old English,
2,Free_Lexical,adjective_common,Secret,poor,not rich,Old French,
2,Free_Lexical,adjective_common,Secret,red,color,Old English,
2,Free_Lexical,adjective_common,Secret,blue,color,Old French,
2,Free_Lexical,adjective_common,Secret,dark,little light,Old English,
2,Free_Lexical,adjective_common,Secret,light,illumination,Old English,
2,Free_Lexical,adjective_common,Secret,wrong,incorrect,Old English,
2,Free_Lexical,adjective_common,Secret,right,correct,Old English,
2,Free_Lexical,adjective_common,Secret,final,last,Latin,
2,Free_Lexical,adjective_common,Helper,likely,probable,Old Norse/English,
2,Free_Lexical,adjective_common,Secret,fine,thin/good,Old French,
3,Free_Lexical,lexical_tier_general,Object,problem,difficulty,Greek via Latin/French,
3,Free_Lexical,lexical_tier_general,Object,question,query,Latin,
3,Free_Lexical,lexical_tier_general,Object,school,institution of learning,Greek via Latin,
3,Free_Lexical,lexical_tier_general,Object,state,condition/government,Latin via French,
3,Free_Lexical,lexical_tier_general,Entity,family,kin group,Latin familia,
3,Free_Lexical,lexical_tier_general,Entity,student,learner,Latin,
3,Free_Lexical,lexical_tier_general,Location,country,nation/region,Old French,
3,Free_Lexical,lexical_tier_general,Object,example,sample,Latin,
3,Free_Lexical,lexical_tier_general,Object,system,organized whole,Greek via Latin,
3,Free_Lexical,lexical_tier_general,Object,program,plan/schedule,Greek via French,
3,Free_Lexical,lexical_tier_general,Object,course,path/series,Latin/French,
3,Free_Lexical,lexical_tier_general,Object,interest,concern/stake,Latin inter- + esse,
3,Free_Lexical,lexical_tier_general,Object,experience,lived event,Latin,
3,Free_Lexical,lexical_tier_general,Object,social,of society,Latin,
3,Free_Lexical,lexical_tier_general,Object,process,procedure,Latin,
3,Free_Lexical,lexical_tier_general,Location,position,place/stance,Latin,
3,Free_Lexical,lexical_tier_general,Object,level,layer/height,Old French,
3,Free_Lexical,lexical_tier_general,Object,court,tribunal,Old French,
3,Free_Lexical,lexical_tier_general,Object,mind,cognition,Old English,
3,Free_Lexical,lexical_tier_general,Object,heart,organ/affection,Old English,
3,Free_Lexical,lexical_tier_general,Object,sense,meaning/perception,Latin/French,
3,Free_Lexical,lexical_tier_general,Object,form,shape,Latin/French,
3,Free_Lexical,lexical_tier_general,Object,music,art of sound,Greek via French,
3,Free_Lexical,lexical_tier_general,Object,art,skill/creative work,Latin via French,
3,Free_Lexical,lexical_tier_general,Object,church,building/faith community,Greek via Old English,
3,Free_Lexical,lexical_tier_general,Entity,death,dying,Old Norse/English,
3,Free_Lexical,lexical_tier_general,Entity,hope,expectation of good,Old English,
3,Free_Lexical,lexical_tier_general,Entity,truth,factuality,Old English,
3,Free_Lexical,lexical_tier_general,Entity,beauty,aesthetic quality,Old French,
3,Free_Lexical,lexical_tier_general,Entity,age,length of life/era,Old French,
3,Free_Lexical,lexical_tier_general,Object,paper,sheet material,Latin papyrus path,
3,Free_Lexical,lexical_tier_general,Location,space,extent/room,Latin/French,
3,Free_Lexical,lexical_tier_general,Location,second,next in order/time unit,Latin/French,
3,Free_Lexical,lexical_tier_general,Location,today,this day,Old English compound,
3,Free_Lexical,lexical_tier_general,Location,yesterday,prior day,Old English,
3,Free_Lexical,lexical_tier_general,Location,tomorrow,next day,Old English/Middle English,
3,Free_Lexical,lexical_tier_general,Helper,always,at all times,Old English,
3,Free_Lexical,lexical_tier_general,Helper,never,at no time,Old English,
3,Free_Lexical,lexical_tier_general,Helper,sometimes,occasionally,Old English,
3,Free_Lexical,lexical_tier_general,Helper,often,frequently,Old English,
3,Free_Lexical,lexical_tier_general,Helper,again,once more,Old English,
3,Free_Lexical,lexical_tier_general,Helper,maybe,perhaps,Middle English,
3,Free_Lexical,lexical_tier_general,Helper,perhaps,possibly,Old French,
3,Free_Lexical,lexical_tier_general,Helper,together,with each other,Old English,
3,Free_Lexical,lexical_tier_general,Helper,however,nevertheless,Middle English,
3,Free_Lexical,lexical_tier_general,Helper,therefore,for that reason,Old English,
3,Free_Lexical,lexical_tier_general,Helper,rather,preferably/somewhat,Old English,
3,Free_Lexical,lexical_tier_general,Helper,quite,completely/fairly,Middle English,
3,Free_Lexical,lexical_tier_general,Helper,almost,nearly,Old English,
3,Free_Lexical,lexical_tier_general,Helper,already,by now,Middle English,
3,Free_Lexical,lexical_tier_general,Helper,still,yet/continuing,Old English,
3,Free_Lexical,lexical_tier_general,Helper,even,emphasis/flat,Old English,
3,Free_Lexical,lexical_tier_general,Helper,just,only/exactly,Old French/Latin,
3,Free_Lexical,lexical_tier_general,Object,one,numeral 1,Old English,
3,Free_Lexical,lexical_tier_general,Object,two,numeral 2,Old English,
3,Free_Lexical,lexical_tier_general,Object,three,numeral 3,Old English,
3,Free_Lexical,lexical_tier_general,Object,four,numeral 4,Old English,
3,Free_Lexical,lexical_tier_general,Object,five,numeral 5,Old English,
3,Free_Lexical,lexical_tier_general,Object,six,numeral 6,Old English,
3,Free_Lexical,lexical_tier_general,Object,seven,numeral 7,Old English,
3,Free_Lexical,lexical_tier_general,Object,eight,numeral 8,Old English,
3,Free_Lexical,lexical_tier_general,Object,nine,numeral 9,Old English,
3,Free_Lexical,lexical_tier_general,Object,ten,numeral 10,Old English,
3,Free_Lexical,lexical_tier_general,Object,hundred,100,Old English,
3,Free_Lexical,lexical_tier_general,Object,thousand,1000,Old English,
3,Free_Lexical,lexical_tier_general,Object,million,10^6,Old French/Italian from Latin,
3,Free_Lexical,lexical_tier_general,Object,half,1/2,Old English,
3,Free_Lexical,lexical_tier_general,Object,quarter,1/4,Old French/Latin,
3,Free_Lexical,lexical_tier_general,Entity,plant,vegetation,Old English,
3,Free_Lexical,lexical_tier_general,Object,tree,woody plant,Old English,
3,Free_Lexical,lexical_tier_general,Location,sun,star/daylight source,Old English,
3,Free_Lexical,lexical_tier_general,Location,moon,Earth's satellite,Old English,
3,Free_Lexical,lexical_tier_general,Location,star,celestial point,Old English,
3,Free_Lexical,lexical_tier_general,Object,fire,combustion,Old English,
3,Free_Lexical,lexical_tier_general,Location,earth,soil/world,Old English,
3,Free_Lexical,lexical_tier_general,Object,stone,rock,Old English,
3,Free_Lexical,lexical_tier_general,Object,metal,substance,Greek via Latin,
3,Free_Lexical,lexical_tier_general,Object,glass,silicate material,Old English,
3,Free_Lexical,lexical_tier_general,Object,gold,element Au,Old English,
3,Free_Lexical,lexical_tier_general,Object,silver,element Ag,Old English,
3,Free_Lexical,lexical_tier_general,Location,river,stream,Old French,
3,Free_Lexical,lexical_tier_general,Location,sea,salt water mass,Old English,
3,Free_Lexical,lexical_tier_general,Object,wind,moving air,Old English,
3,Free_Lexical,lexical_tier_general,Object,snow,frozen precipitation,Old English,
3,Free_Lexical,lexical_tier_general,Object,rain,precipitation,Old English,
3,Free_Lexical,lexical_tier_general,Object,cold,low temperature,Old English,
3,Free_Lexical,lexical_tier_general,Object,heat,thermal energy,Old English,
3,Free_Lexical,lexical_tier_general,Location,street,urban road,Late Latin,
3,Free_Lexical,lexical_tier_general,Location,road,way,Old English,
3,Free_Lexical,lexical_tier_general,Location,building,structure,Old English verbal noun,
3,Free_Lexical,lexical_tier_general,Location,wall,barrier,Old English,
3,Free_Lexical,lexical_tier_general,Location,window,opening with glass,Old Norse,
3,Free_Lexical,lexical_tier_general,Location,floor,surface of a level,Old English,
3,Free_Lexical,lexical_tier_general,Location,ground,earth/surface,Old English,
3,Free_Lexical,lexical_tier_general,Location,field,open land,Old English,
3,Free_Lexical,lexical_tier_general,Location,farm,agricultural holding,Old French,
3,Free_Lexical,lexical_tier_general,Entity,creature,living being,Old French/Latin,
3,Bound_Latin,prefix,Location,pre-,before,Latin prae-,prefix
3,Bound_Latin,prefix,Location,post-,after,Latin post,
3,Bound_Latin,prefix,Location,sub-,under/below,Latin sub,
3,Bound_Latin,prefix,Location,super-,above/beyond,Latin super,
3,Bound_Latin,prefix,Location,trans-,across,Latin trans,
3,Bound_Latin,prefix,Location,inter-,between/among,Latin inter,
4,Bound_Latin,prefix,Location,intra-,within,Latin intra,
3,Bound_Latin,prefix,Location,extra-,outside,Latin extra,
4,Bound_Latin,prefix,Location,infra-,below,Latin infra,
3,Bound_Latin,prefix,Location,ultra-,beyond,Latin ultra,
3,Bound_Latin,prefix,Secret,contra-,against,Latin contra,
3,Bound_Latin,prefix,Location,ante-,before,Latin ante,
3,Bound_Latin,prefix,Secret,anti-,against (loan pattern),Latin (cf. Greek anti),English 'anti-' blends Latin/Greek
4,Bound_Latin,prefix,Location,circum-,around,Latin circum,
1,Bound_Latin,prefix,Secret,re-,again/back,Latin re-,very frequent
3,Bound_Latin,prefix,Secret,de-,down/off,Latin de-,
3,Bound_Latin,prefix,Secret,dis-,apart/negation,Latin dis-,
3,Bound_Latin,prefix,Secret,com-/con-/col-/cor-,with/together,Latin cum/con,allomorphs
3,Bound_Latin,prefix,Secret,ex-/e-,out,Latin ex,
4,Bound_Latin,prefix,Secret,ab-,away from,Latin ab,
3,Bound_Latin,prefix,Secret,ad-,toward,Latin ad,assimilation variants
3,Bound_Latin,prefix,Secret,per-,through,Latin per,
3,Bound_Latin,prefix,Secret,pro-,forward,Latin pro,
5,Bound_Latin,prefix,Secret,ob-,toward/against,Latin ob,
2,Bound_Latin,prefix,Secret,in-/il-/im-/ir-,in/into/not,Latin in-,
2,Bound_Latin,prefix,Secret,non-,not,Latin non,
3,Bound_Latin,prefix,Secret,semi-,half,Latin semi,
5,Bound_Latin,prefix,Secret,omni-,all,Latin omnis,
3,Bound_Latin,prefix,Secret,multi-,many,Latin multus,
3,Bound_Latin,prefix,Secret,uni-,one,Latin unus,
3,Bound_Latin,prefix,Secret,bi-,two,Latin,
4,Bound_Latin,prefix,Secret,tri-,three,Latin,
5,Bound_Latin,prefix,Secret,quadri-,four,Latin,
4,Bound_Latin,prefix,Secret,centi-,hundred(th),Latin centum,
4,Bound_Latin,prefix,Secret,milli-,thousand(th),Latin mille,
5,Bound_Latin,prefix,Location,vice-,in place of,Latin vicis,
4,Bound_Latin,prefix,Secret,quasi-,as if/seeming,Latin quasi,
4,Bound_Latin,prefix,Secret,macro-,large (often Greek in etymology),Latin/Greek mixed,
4,Bound_Latin,prefix,Secret,pseudo-,false,Greek pseudes via Latin scholarly tradition,
3,Bound_Latin,suffix,Object,-tion/-sion/-ation,nominal: action/result/state,Latin -tio,allomorphs by stem
3,Bound_Latin,suffix,Object,-ment,result/means of action,Latin -mentum,
3,Bound_Latin,suffix,Entity,-ity,quality/state abstract,Latin -itas via French,
3,Bound_Latin,suffix,Secret,-ance/-ence,quality/process,Latin -antia/-entia,
3,Bound_Latin,suffix,Secret,-able/-ible,capable of being,Latin -abilis/-ibilis,
3,Bound_Latin,suffix,Tracker,-ate,verb/adj from Latin stems,Latin -atus,
4,Bound_Latin,suffix,Tracker,-ify,make/cause,Latin -ificare via French,
3,Bound_Latin,suffix,Tracker,-ize/-ise,render/cause,Greek -izein via Latin,British -ise
3,Bound_Latin,suffix,Secret,-ous/-eous/-ious,full of,Latin -osus,
3,Bound_Latin,suffix,Secret,-ive,tending to,Latin -ivus,
3,Bound_Latin,suffix,Secret,-al,pertaining to,Latin -alis,
3,Bound_Latin,suffix,Secret,-ary/-ory,relating to,Latin -arius,
4,Bound_Latin,suffix,Secret,-itude,state/quality,Latin -itudo,
3,Bound_Latin,suffix,Secret,-ence/-ance,noun of process,Latin,
3,Bound_Latin,suffix,Secret,-ent/-ant,agent/adjective,Latin -ens,
5,Bound_Latin,suffix,Secret,-arium/-orium,place for,Latin,as -ary in loan patterns
5,Bound_Latin,suffix,Secret,-escent,becoming,Latin -escens,
4,Bound_Latin,suffix,Secret,-fy,make (short),Latin -ficare,magnify
5,Bound_Latin,suffix,Secret,-ule,diminutive,Latin -ulus,
4,Bound_Latin,bound_root/stem,Tracker,spect/spic,look/see,Latin spectare,"inspect, spectator"
4,Bound_Latin,bound_root/stem,Tracker,dict,say,Latin dicere,"predict, dictionary"
4,Bound_Latin,bound_root/stem,Tracker,port,carry,Latin portare,"export, portable"
4,Bound_Latin,bound_root/stem,Tracker,mit/miss,send,Latin mittere,"submit, mission"
4,Bound_Latin,bound_root/stem,Secret,tract,draw/pull,Latin trahere tractus,"attract, tractor"
4,Bound_Latin,bound_root/stem,Tracker,duc/duct,lead,Latin ducere,"conduct, aqueduct"
4,Bound_Latin,bound_root/stem,Tracker,ject,throw,Latin jacere,"reject, project"
4,Bound_Latin,bound_root/stem,Tracker,cept/ceive/cip,take/hold,Latin capere,"except, receive"
4,Bound_Latin,bound_root/stem,Tracker,fer,bear/carry,Latin ferre,"refer, fertile"
4,Bound_Latin,bound_root/stem,Tracker,vert/vers,turn,Latin vertere,"convert, universe"
4,Bound_Latin,bound_root/stem,Tracker,grad/gres,step/go,Latin gradus,"progress, grade"
4,Bound_Latin,bound_root/stem,Tracker,pos/pon/pound,put/place,Latin ponere,"compose, position"
4,Bound_Latin,bound_root/stem,Tracker,scrib/script,write,Latin scribere,"describe, scripture"
4,Bound_Latin,bound_root/stem,Tracker,rupt,break,Latin rumpere,"disrupt, corrupt"
4,Bound_Latin,bound_root/stem,Secret,clud/clus,close/shut,Latin claudere,"include, exclude"
4,Bound_Latin,bound_root/stem,Secret,cred,believe/trust,Latin credere,"credible, credit"
5,Bound_Latin,bound_root/stem,Secret,fid,trust/faith,Latin fidere,"confide, fidelity"
4,Bound_Latin,bound_root/stem,Tracker,plic/ply,fold,Latin plicare,"comply, complex"
5,Bound_Latin,bound_root/stem,Tracker,volv/volu,roll/turn,Latin volvere,"revolve, evolution"
3,Bound_Latin,bound_root/stem,Tracker,fac/fact/fect/fy,make/do,Latin facere,"factory, satisfaction"
4,Bound_Latin,bound_root/stem,Secret,form,shape,Latin forma,"transform, formal"
4,Bound_Latin,bound_root/stem,Secret,gen,birth/kind,Latin genus,"generate, genetic"
4,Bound_Latin,bound_root/stem,Location,loc,place,Latin locus,"allocate, local"
4,Bound_Latin,bound_root/stem,Tracker,mob/mot/mov,move,Latin movere,"motion, mobile"
4,Bound_Latin,bound_root/stem,Secret,nom/nym,name,Latin nomen,nominate (cf. Greek onoma)
5,Bound_Latin,bound_root/stem,Secret,pac/peace,peace,Latin pax,pacify
4,Bound_Latin,bound_root/stem,Tracker,sist/stit,stand/place,Latin stare,"assist, constitution"
4,Bound_Latin,bound_root/stem,Tracker,ten/tin/tain,hold,Latin tenere,"contain, maintain"
5,Bound_Latin,bound_root/stem,Secret,vac/van/void,empty,Latin vacare,"vacuum, vanish"
4,Bound_Latin,bound_root/stem,Secret,val/vail,strength/worth,Latin valere,"value, prevail"
4,Bound_Latin,bound_root/stem,Tracker,ven/vent,come,Latin venire,"convene, adventure"
4,Bound_Latin,bound_root/stem,Secret,ver,truth,Latin verus,"verify, veracity"
4,Bound_Latin,bound_root/stem,Tracker,vid/vis,see,Latin videre,"provide, vision"
4,Bound_Latin,bound_root/stem,Tracker,voc/vok,call/voice,Latin vocare,"vocal, invoke"
3,Bound_Greek,prefix/suffix/root,Helper,a-/an-,not/without,Greek alpha privative,prefix
4,Bound_Greek,prefix/suffix/root,Secret,arch-,chief/rule,Greek archos,"monarch, archaeology"
3,Bound_Greek,prefix/suffix/root,Secret,auto-,self,Greek autos,
3,Bound_Greek,prefix/suffix/root,Entity,bio-,life,Greek bios,
4,Bound_Greek,prefix/suffix/root,Entity,cardi-,heart,Greek kardia,
4,Bound_Greek,prefix/suffix/root,Location,chrono-,time,Greek chronos,
4,Bound_Greek,prefix/suffix/root,Secret,cosmo-,world/order,Greek kosmos,
5,Bound_Greek,prefix/suffix/root,Secret,crypto-,hidden,Greek kryptos,
4,Bound_Greek,prefix/suffix/root,Location,cycl-,circle/wheel,Greek kyklos,
4,Bound_Greek,prefix/suffix/root,Entity,demo-,people,Greek demos,democracy
5,Bound_Greek,prefix/suffix/root,Object,derm-,skin,Greek derma,dermatology
4,Bound_Greek,prefix/suffix/root,Secret,dynam-,power,Greek dynamis,
4,Bound_Greek,prefix/suffix/root,Entity,ethno-,people/nation,Greek ethnos,
4,Bound_Greek,prefix/suffix/root,Tracker,eu-,good/well,Greek eu,euphoria
5,Bound_Greek,prefix/suffix/root,Secret,gastr-,stomach,Greek gaster,
3,Bound_Greek,prefix/suffix/root,Secret,gen-,birth/kind,Greek genos (cognate Latin genus),
4,Bound_Greek,prefix/suffix/root,Location,geo-,earth,Greek ge,
5,Bound_Greek,prefix/suffix/root,Secret,gno-,know,Greek gnosis,diagnosis
3,Bound_Greek,prefix/suffix/root,Tracker,graph-,write/draw,Greek graphein,graphic
5,Bound_Greek,prefix/suffix/root,Secret,gyn-,woman,Greek gyne,
5,Bound_Greek,prefix/suffix/root,Secret,hemi-,half,Greek hemi,
4,Bound_Greek,prefix/suffix/root,Secret,hydr-,water,Greek hydor,
4,Bound_Greek,prefix/suffix/root,Location,hyper-,over/excess,Greek hyper,
4,Bound_Greek,prefix/suffix/root,Location,hypo-,under/below,Greek hypo,
5,Bound_Greek,prefix/suffix/root,Secret,iso-,equal,Greek isos,
4,Bound_Greek,prefix/suffix/root,Secret,kilo-,thousand,Greek khilioi,metric
5,Bound_Greek,prefix/suffix/root,Secret,lex-,word,Greek lexis,lexicon
3,Bound_Greek,prefix/suffix/root,Secret,log-,word/reason/study,Greek logos,"biology, logic"
4,Bound_Greek,prefix/suffix/root,Secret,macro-,large,Greek makros,
4,Bound_Greek,prefix/suffix/root,Secret,mega-,great,Greek megas,
4,Bound_Greek,prefix/suffix/root,Location,meta-,beyond/after,Greek meta,
4,Bound_Greek,prefix/suffix/root,Object,meter/metr-,measure,Greek metron,
3,Bound_Greek,prefix/suffix/root,Secret,micro-,small,Greek mikros,
4,Bound_Greek,prefix/suffix/root,Secret,morph-,form,Greek morphe,
4,Bound_Greek,prefix/suffix/root,Secret,neo-,new,Greek neos,
4,Bound_Greek,prefix/suffix/root,Secret,nomy,law/system of (in compounds),Greek nomos,astronomy
4,Bound_Greek,prefix/suffix/root,Secret,onym,name (suffix pattern),Greek onoma,"acronym, synonym"
5,Bound_Greek,prefix/suffix/root,Secret,ortho-,straight/correct,Greek orthos,
4,Bound_Greek,prefix/suffix/root,Secret,path-,feeling/disease,Greek pathos,
4,Bound_Greek,prefix/suffix/root,Secret,phil-,love,Greek philos,philosophy
3,Bound_Greek,prefix/suffix/root,Object,phon-,sound/voice,Greek phone,
3,Bound_Greek,prefix/suffix/root,Secret,photo-,light,Greek phos,
5,Bound_Greek,prefix/suffix/root,Object,pod-,foot,Greek pous,tripod
4,Bound_Greek,prefix/suffix/root,Secret,poly-,many,Greek polys,
4,Bound_Greek,prefix/suffix/root,Entity,psych-,mind/soul,Greek psyche,
5,Bound_Greek,prefix/suffix/root,Secret,pyr-,fire,Greek pyr,
4,Bound_Greek,prefix/suffix/root,Object,scope,view/instrument (suffix),Greek skopein,microscope
5,Bound_Greek,prefix/suffix/root,Secret,soph-,wise,Greek sophos,philosophy
4,Bound_Greek,prefix/suffix/root,Secret,techn-,art/skill,Greek techne,
3,Bound_Greek,prefix/suffix/root,Location,tele-,far/distant,Greek tele,
4,Bound_Greek,prefix/suffix/root,Tracker,theo-,god,Greek theos,theology
4,Bound_Greek,prefix/suffix/root,Secret,therm-,heat,Greek therme,
5,Bound_Greek,prefix/suffix/root,Tracker,tom-,cut,Greek tome,atom
5,Bound_Greek,prefix/suffix/root,Secret,tox-,arrow/poison,Greek toxikon,
4,Bound_Greek,prefix/suffix/root,Secret,typ-,type/impression,Greek typos,
5,Bound_Greek,prefix/suffix/root,Secret,xeno-,foreign/strange,Greek xenos,
4,Bound_Greek,prefix/suffix/root,Entity,zoo-,animal,Greek zoon,
3,Bound_Greek,prefix/suffix/root,Tracker,-ism,doctrine/state,Greek -ismos via Latin/French,often blended
3,Bound_Greek,prefix/suffix/root,Secret,-ist,person associated with,Greek -istes,
4,Bound_Greek,prefix/suffix/root,Secret,-oid,resembling,Greek -oeides,asteroid
5,Bound_Greek,prefix/suffix/root,Secret,-oma,tumor/mass (medical),Greek suffix,
5,Bound_Greek,prefix/suffix/root,Secret,-pathy,feeling/disease,Greek patheia,
4,Bound_Greek,prefix/suffix/root,Secret,-phobia,fear,Greek phobos,
5,Bound_Greek,prefix/suffix/root,Secret,-philia,love/affinity,Greek philia,
4,Bound_Greek,prefix/suffix/root,Object,-phone,sound/device,Greek phone,
5,Bound_Greek,prefix/suffix/root,Object,-scopy,viewing,Greek skopein,
1,Bound_Germanic,prefix/suffix,Secret,un-,reversal/not,Old English un-,productive negation/reversal
3,Bound_Germanic,prefix/suffix,Location,be-,around/about/intensive,Old English be-,"besiege, befriend"
4,Bound_Germanic,prefix/suffix,Helper,for-,away/forbid,Old English for-,"forgo, forget"
5,Bound_Germanic,prefix/suffix,Tracker,with-,against,Old English wið,withstand
3,Bound_Germanic,prefix/suffix,Tracker,mis-,wrongly,Old English mis-,mislead
2,Bound_Germanic,prefix/suffix,Location,over-,excess/above,Old English ofer,
2,Bound_Germanic,prefix/suffix,Tracker,under-,beneath/insufficient,Old English under,
3,Bound_Germanic,prefix/suffix,Tracker,out-,external/excess,Old English ut,outdo
2,Bound_Germanic,prefix/suffix,Tracker,up-,upward,Old English up,
2,Bound_Germanic,prefix/suffix,Tracker,down-,downward,Old English of dune,
4,Bound_Germanic,prefix/suffix,Location,fore-,before/front,Old English fore,foresee
5,Bound_Germanic,prefix/suffix,Helper,gain-,back/against,Old English gegn,gainsay archaic
3,Bound_Germanic,prefix/suffix,Tracker,en-/em-,in/into/cause,Old French en- from Latin in-; Germanic em- in embed,mixed history
2,Bound_Germanic,prefix/suffix,Secret,-less,without,Old English -leas,
2,Bound_Germanic,prefix/suffix,Secret,-ful,full of,Old English -full,
2,Bound_Germanic,prefix/suffix,Entity,-ness,quality/state,Old English -ness,Germanic
3,Bound_Germanic,prefix/suffix,Entity,-hood,state/group,Old English -had,brotherhood
3,Bound_Germanic,prefix/suffix,Object,-ship,state/skill,Old English -scipe,friendship
3,Bound_Germanic,prefix/suffix,Object,-dom,state/realm,Old English -dom,kingdom
3,Bound_Germanic,prefix/suffix,Helper,-ward,toward/direction,Old English -weard,homeward
3,Bound_Germanic,prefix/suffix,Helper,-wise,manner,Old English -wise,clockwise
1,Bound_Germanic,prefix/suffix,Secret,-ly,like/manner,Old English -lic,adverb/adjective
2,Bound_Germanic,prefix/suffix,Secret,-y/-ey,characterized by,Old English -ig,rainy
3,Bound_Germanic,prefix/suffix,Secret,-ish,somewhat/like,Old English -isc,childish
3,Bound_Germanic,prefix/suffix,Secret,-en,made of/cause,Old English -en,"wooden, strengthen"
1,Bound_Germanic,prefix/suffix,Tracker,-ing,gerund/present participle,Old English -ing,
1,Bound_Germanic,prefix/suffix,Tracker,-ed,past tense/participle,Old English -ed,weak verbs
1,Bound_Germanic,prefix/suffix,Helper,-er,agent/comparative,Old English -ere / -ra,
2,Bound_Germanic,prefix/suffix,Helper,-est,superlative,Old English -ost,
2,Bound_Germanic,prefix/suffix,Helper,th,ordinal (fourth),Old English -tha,
5,Frankish_or_Continental_WG,etymological_note_or_morpheme,Tracker,-ard,pejorative/person characterized (e.g. drunkard),Frankish *hard 'hard/strong' or related; via Old French,etymology debated; often grouped with Germanic/French contact
4,Frankish_or_Continental_WG,etymological_note_or_morpheme,Object,-son (patronymic stress pattern),son of (in names),Scandinavian/Old English also; Frankish name elements in medieval names,English -son primarily Old Norse; Frankish name stock contributed to Norman name pool
3,Frankish_or_Continental_WG,etymological_note_or_morpheme,Object,war-,confusion with Latin werra in some analyses,Old North French werre (Germanic),mostly free morpheme 'war'
5,Frankish_or_Continental_WG,etymological_note_or_morpheme,Object,herald-,messenger office,Frankish *hariwald related strains via French,mostly learned as whole word
5,Frankish_or_Continental_WG,etymological_note_or_morpheme,Object,furlong,furrow-long,Old English furlang; Frankish agricultural influence in some dialectal land terms,illustrative compound
4,Frankish_or_Continental_WG,etymological_note_or_morpheme,Object,budget,leather bag/money,Old French bougette,free morpheme; Frankish bag element often cited
3,Frankish_or_Continental_WG,etymological_note_or_morpheme,Tracker,guard,watch/protect,Old French guarder (Germanic *ward-),related to ward (Germanic)
3,Frankish_or_Continental_WG,etymological_note_or_morpheme,Tracker,ward,guard (n.),Old English weard,Germanic; cognate with guard
3,Frankish_or_Continental_WG,etymological_note_or_morpheme,Tracker,reward,re- + ward,Middle English,etymologically 'watch back' Germanic roots
meta,Frankish_or_Continental_WG,etymological_note_or_morpheme,Helper,Standard disclaimer,Productive bound Frankish-only morphemes are few in Modern English; many 'Germanic' etyma entered via Norman French.,Historical linguistics,
1,Free_Lexical,lexical_wave2_frequency_gap,Tracker,get,obtain; become; cause,Old Norse (cognate with beget),
1,Free_Functional,determiner_pronoun,Entity,other,additional; alternative,Old English,Other; alternative referent
1,Free_Functional,preposition_subordinator,Location,after,later than; following,Old English,Following in time/order
1,Free_Lexical,lexical_wave2_frequency_gap,Object,first,ordinal one; foremost,Old English,
1,Free_Lexical,lexical_wave2_frequency_gap,Tracker,know,be cognizant of,Old English,
1,Free_Lexical,lexical_wave2_frequency_gap,Tracker,see,perceive visually; understand,Old English,
1,Free_Lexical,lexical_wave2_frequency_gap,Tracker,make,create; cause to be,Old English,
1,Free_Lexical,lexical_wave2_frequency_gap,Tracker,think,cognize; believe,Old English,
1,Free_Lexical,lexical_wave2_frequency_gap,Tracker,want,desire; lack,Old Norse/English,
1,Free_Lexical,lexical_wave2_frequency_gap,Tracker,go,move; function,Old English,
1,Free_Functional,adverb_particle,Helper,well,good; thoroughly; source,Old English,Thoroughly; interjection of health
1,Free_Lexical,lexical_wave2_frequency_gap,Tracker,said,past of say,Old English,
1,Free_Lexical,lexical_wave2_frequency_gap,Helper,really,truly; very,Old English,
1,Free_Lexical,lexical_wave2_frequency_gap,Object,years,plural of year,Old English,
1,Free_Lexical,lexical_wave2_frequency_gap,Tracker,going,present participle of go,Old English,
1,Free_Functional,preposition_subordinator,Location,before,earlier than; in front,Old English,Earlier in time/order
1,Free_Lexical,lexical_wave2_frequency_gap,Tracker,made,past of make,Old English,
1,Free_Lexical,lexical_wave2_frequency_gap,Tracker,take,grasp; require; carry,Old English,
1,Free_Lexical,lexical_wave2_frequency_gap,Tracker,got,past of get,Old Norse,
2,Free_Lexical,lexical_wave2_frequency_gap,Tracker,say,utter; state,Old English,
2,Free_Lexical,lexical_wave2_frequency_gap,Object,last,final; endure,Old English,
2,Free_Lexical,lexical_wave2_frequency_gap,Object,best,superlative of good,Old English,
2,Free_Lexical,lexical_wave2_frequency_gap,Object,look,direct eyes; appear,Old English,
2,Free_Functional,indefinite_pronoun,Entity,something,indefinite thing,Old English compound,Unspecified thing
2,Free_Lexical,lexical_wave2_frequency_gap,Tracker,use,employ; purpose,Old French from Latin,
2,Free_Lexical,lexical_wave2_frequency_gap,Tracker,come,move toward; arrive,Old English,
2,Free_Lexical,lexical_wave2_frequency_gap,Location,around,on all sides; approximately,Old English,
2,Free_Lexical,lexical_wave2_frequency_gap,Secret,better,comparative of good/well,Old English,
2,Free_Lexical,lexical_wave2_frequency_gap,Tracker,find,discover,Old English,
2,Free_Lexical,lexical_wave2_frequency_gap,Tracker,help,assist,Old English,
2,Free_Lexical,lexical_wave2_frequency_gap,Object,another,an additional one,Old English,
2,Free_Lexical,lexical_wave2_frequency_gap,Object,own,possess; self,Old English,
2,Free_Lexical,lexical_wave2_frequency_gap,Object,things,plural of thing,Old English,
2,Free_Lexical,lexical_wave2_frequency_gap,Object,thing,entity; matter,Old English,
2,Free_Lexical,lexical_wave2_frequency_gap,Tracker,give,bestow,Old English,
2,Free_Lexical,lexical_wave2_frequency_gap,Tracker,found,High-frequency lemma: found,Primarily Germanic unless loanword,
2,Free_Lexical,lexical_wave2_frequency_gap,Tracker,show,display; performance,Old English,
2,Free_Lexical,lexical_wave2_frequency_gap,Tracker,feel,perceive; emotion,Old English,
2,Free_Lexical,lexical_wave2_frequency_gap,Object,ever,High-frequency lemma: ever,Primarily Germanic unless loanword,
2,Free_Lexical,lexical_wave2_frequency_gap,Tracker,keep,retain,Old English,
2,Free_Lexical,lexical_wave2_frequency_gap,Tracker,put,place,Old English,
2,Free_Functional,indefinite_pronoun,Entity,someone,some person,Old English compound,Some person
2,Free_Lexical,lexical_wave2_frequency_gap,Object,away,High-frequency lemma: away,Primarily Germanic unless loanword,
2,Free_Lexical,lexical_wave2_frequency_gap,Object,left,High-frequency lemma: left,Primarily Germanic unless loanword,
2,Free_Lexical,lexical_wave2_frequency_gap,Object,days,plural of day,Old English,
2,Free_Lexical,lexical_wave2_frequency_gap,Tracker,play,perform; recreation,Old English,
2,Free_Lexical,lexical_wave2_frequency_gap,Tracker,doing,High-frequency lemma: doing,Old English (-ing) + stem,
2,Free_Lexical,lexical_wave2_frequency_gap,Tracker,let,allow,Old English,
2,Free_Lexical,lexical_wave2_frequency_gap,Object,called,High-frequency lemma: called,Old English weak past (-ed) + stem,
2,Free_Lexical,lexical_wave2_frequency_gap,Object,different,High-frequency lemma: different,Primarily Germanic unless loanword,
2,Free_Lexical,lexical_wave2_frequency_gap,Object,having,High-frequency lemma: having,Old English (-ing) + stem,
2,Free_Lexical,lexical_wave2_frequency_gap,Tracker,thought,High-frequency lemma: thought,Primarily Germanic unless loanword,
2,Free_Lexical,lexical_wave2_frequency_gap,Object,done,High-frequency lemma: done,Primarily Germanic unless loanword,
2,Free_Lexical,lexical_wave2_frequency_gap,Object,getting,High-frequency lemma: getting,Old English (-ing) + stem,
2,Free_Lexical,lexical_wave2_frequency_gap,Object,god,High-frequency lemma: god,Primarily Germanic unless loanword,
2,Free_Lexical,lexical_wave2_frequency_gap,Entity,group,High-frequency lemma: group,Primarily Germanic unless loanword,
2,Free_Lexical,lexical_wave2_frequency_gap,Object,looking,High-frequency lemma: looking,Old English (-ing) + stem,
2,Free_Lexical,lexical_wave2_frequency_gap,Object,top,High-frequency lemma: top,Primarily Germanic unless loanword,
2,Free_Lexical,lexical_wave2_frequency_gap,Object,women,High-frequency lemma: women,Primarily Germanic unless loanword,
2,Free_Lexical,lexical_wave2_frequency_gap,Object,care,High-frequency lemma: care,Primarily Germanic unless loanword,
2,Free_Lexical,lexical_wave2_frequency_gap,Tracker,start,begin,Old English,
2,Free_Lexical,lexical_wave2_frequency_gap,Object,times,High-frequency lemma: times,Old English plural (-s) + stem,
2,Free_Functional,indefinite_pronoun,Entity,anything,any thing,Old English compound,Any thing
2,Free_Lexical,lexical_wave2_frequency_gap,Entity,person,High-frequency lemma: person,Primarily Germanic unless loanword,
2,Free_Lexical,lexical_wave2_frequency_gap,Object,enough,High-frequency lemma: enough,Primarily Germanic unless loanword,
2,Free_Functional,indefinite_pronoun,Entity,everything,all things,Old English compound,All things
2,Free_Lexical,lexical_wave2_frequency_gap,Tracker,live,be alive; dwell,Old English,
2,Free_Lexical,lexical_wave2_frequency_gap,Tracker,making,High-frequency lemma: making,Old English (-ing) + stem,
2,Free_Lexical,lexical_wave2_frequency_gap,Tracker,told,High-frequency lemma: told,Primarily Germanic unless loanword,
2,Free_Lexical,lexical_wave2_frequency_gap,Tracker,mean,signify; intend; average,Old English,
2,Free_Lexical,lexical_wave2_frequency_gap,Tracker,tell,High-frequency lemma: tell,Primarily Germanic unless loanword,
2,Free_Lexical,lexical_wave2_frequency_gap,Object,seen,High-frequency lemma: seen,Primarily Germanic unless loanword,
2,Free_Lexical,lexical_wave2_frequency_gap,Object,states,High-frequency lemma: states,Old English plural (-s) + stem,
2,Free_Lexical,lexical_wave2_frequency_gap,Object,based,High-frequency lemma: based,Old English weak past (-ed) + stem,
2,Free_Lexical,lexical_wave2_frequency_gap,Tracker,call,High-frequency lemma: call,Primarily Germanic unless loanword,
2,Free_Lexical,lexical_wave2_frequency_gap,Object,men,High-frequency lemma: men,Primarily Germanic unless loanword,
2,Free_Lexical,lexical_wave2_frequency_gap,Object,national,High-frequency lemma: national,Primarily Germanic unless loanword,
2,Free_Lexical,lexical_wave2_frequency_gap,Tracker,took,past of take,Old English,
2,Free_Lexical,lexical_wave2_frequency_gap,Tracker,came,past of come,Old English,
2,Free_Lexical,lexical_wave2_frequency_gap,Object,far,High-frequency lemma: far,Primarily Germanic unless loanword,
2,Free_Lexical,lexical_wave2_frequency_gap,Object,job,employment; task,perhaps Old French job 'lump',
2,Free_Lexical,lexical_wave2_frequency_gap,Object,though,High-frequency lemma: though,Primarily Germanic unless loanword,
2,Free_Lexical,lexical_wave2_frequency_gap,Tracker,try,attempt; strain,Old French,
2,Free_Lexical,lexical_wave2_frequency_gap,Tracker,went,past of go,Old English,
2,Free_Lexical,lexical_wave2_frequency_gap,Helper,actually,High-frequency lemma: actually,Old English (-ly) / mixed,
2,Free_Lexical,lexical_wave2_frequency_gap,Object,american,High-frequency lemma: american,Primarily Germanic unless loanword,
2,Free_Lexical,lexical_wave2_frequency_gap,Object,later,High-frequency lemma: later,Primarily Germanic unless loanword,
2,Free_Lexical,lexical_wave2_frequency_gap,Object,less,High-frequency lemma: less,Old English plural (-s) + stem,
2,Free_Lexical,lexical_wave2_frequency_gap,Object,order,High-frequency lemma: order,Primarily Germanic unless loanword,
2,Free_Lexical,lexical_wave2_frequency_gap,Tracker,run,move fast; operate,Old English,
2,Free_Lexical,lexical_wave2_frequency_gap,Object,says,High-frequency lemma: says,Old English plural (-s) + stem,
2,Free_Lexical,lexical_wave2_frequency_gap,Object,season,High-frequency lemma: season,Primarily Germanic unless loanword,
2,Free_Lexical,lexical_wave2_frequency_gap,Object,shit,High-frequency lemma: shit,Primarily Germanic unless loanword,
2,Free_Lexical,lexical_wave2_frequency_gap,Object,thank,High-frequency lemma: thank,Primarily Germanic unless loanword,
2,Free_Lexical,lexical_wave2_frequency_gap,Entity,children,High-frequency lemma: children,Primarily Germanic unless loanword,
2,Free_Functional,indefinite_pronoun,Entity,everyone,every person,Old English compound,Every person
2,Free_Lexical,lexical_wave2_frequency_gap,Object,general,High-frequency lemma: general,Primarily Germanic unless loanword,
2,Free_Lexical,lexical_wave2_frequency_gap,Object,trying,High-frequency lemma: trying,Old English (-ing) + stem,
2,Free_Lexical,lexical_wave2_frequency_gap,Object,united,High-frequency lemma: united,Old English weak past (-ed) + stem,
2,Free_Lexical,lexical_wave2_frequency_gap,Tracker,using,present participle of use,Old French/Latin,
2,Free_Lexical,lexical_wave2_frequency_gap,Object,makes,High-frequency lemma: makes,Old English plural (-s) + stem,
2,Free_Lexical,lexical_wave2_frequency_gap,Object,face,High-frequency lemma: face,Primarily Germanic unless loanword,
2,Free_Lexical,lexical_wave2_frequency_gap,Object,working,High-frequency lemma: working,Old English (-ing) + stem,
2,Free_Lexical,lexical_wave2_frequency_gap,Object,games,High-frequency lemma: games,Old English plural (-s) + stem,
2,Free_Lexical,lexical_wave2_frequency_gap,Object,least,High-frequency lemma: least,Primarily Germanic unless loanword,
2,Free_Lexical,lexical_wave2_frequency_gap,Object,means,High-frequency lemma: means,Old English plural (-s) + stem,
2,Free_Lexical,lexical_wave2_frequency_gap,Object,news,High-frequency lemma: news,Old English plural (-s) + stem,
2,Free_Lexical,lexical_wave2_frequency_gap,Object,friends,High-frequency lemma: friends,Old English plural (-s) + stem,
2,Free_Lexical,lexical_wave2_frequency_gap,Object,oh,High-frequency lemma: oh,Primarily Germanic unless loanword,
2,Free_Lexical,lexical_wave2_frequency_gap,Object,post,High-frequency lemma: post,Primarily Germanic unless loanword,
2,Free_Lexical,lexical_wave2_frequency_gap,Object,thanks,High-frequency lemma: thanks,Old English plural (-s) + stem,
2,Free_Lexical,lexical_wave2_frequency_gap,Object,video,High-frequency lemma: video,Primarily Germanic unless loanword,
2,Free_Lexical,lexical_wave2_frequency_gap,Object,ago,High-frequency lemma: ago,Primarily Germanic unless loanword,
2,Free_Lexical,lexical_wave2_frequency_gap,Object,others,High-frequency lemma: others,Old English plural (-s) + stem,
2,Free_Lexical,lexical_wave2_frequency_gap,Tracker,talk,speak,Middle English,
2,Free_Lexical,lexical_wave2_frequency_gap,Object,given,High-frequency lemma: given,Primarily Germanic unless loanword,
2,Free_Lexical,lexical_wave2_frequency_gap,Object,guys,High-frequency lemma: guys,Old English plural (-s) + stem,
2,Free_Lexical,lexical_wave2_frequency_gap,Object,single,High-frequency lemma: single,Primarily Germanic unless loanword,
2,Free_Lexical,lexical_wave2_frequency_gap,Tracker,become,come to be,Old English,
2,Free_Lexical,lexical_wave2_frequency_gap,Object,coming,High-frequency lemma: coming,Old English (-ing) + stem,
2,Free_Lexical,lexical_wave2_frequency_gap,Object,control,High-frequency lemma: control,Primarily Germanic unless loanword,
2,Free_Lexical,lexical_wave2_frequency_gap,Object,hours,High-frequency lemma: hours,Old English plural (-s) + stem,
2,Free_Lexical,lexical_wave2_frequency_gap,Location,south,High-frequency lemma: south,Primarily Germanic unless loanword,
2,Free_Lexical,lexical_wave2_frequency_gap,Object,true,High-frequency lemma: true,Primarily Germanic unless loanword,
2,Free_Lexical,lexical_wave2_frequency_gap,Object,fuck,High-frequency lemma: fuck,Primarily Germanic unless loanword,
2,Free_Lexical,lexical_wave2_frequency_gap,Object,known,High-frequency lemma: known,Primarily Germanic unless loanword,
2,Free_Lexical,lexical_wave2_frequency_gap,Object,lost,High-frequency lemma: lost,Primarily Germanic unless loanword,
2,Free_Lexical,lexical_wave2_frequency_gap,Object,started,High-frequency lemma: started,Old English weak past (-ed) + stem,
2,Free_Lexical,lexical_wave2_frequency_gap,Object,taking,High-frequency lemma: taking,Old English (-ing) + stem,
2,Free_Lexical,lexical_wave2_frequency_gap,Object,university,High-frequency lemma: university,Primarily Germanic unless loanword,
2,Free_Lexical,lexical_wave2_frequency_gap,Object,along,High-frequency lemma: along,Primarily Germanic unless loanword,
2,Free_Functional,indefinite_pronoun,Entity,anyone,any person,Old English compound,Any person
2,Free_Lexical,lexical_wave2_frequency_gap,Object,else,High-frequency lemma: else,Primarily Germanic unless loanword,
2,Free_Lexical,lexical_wave2_frequency_gap,Object,john,High-frequency lemma: john,Primarily Germanic unless loanword,
2,Free_Lexical,lexical_wave2_frequency_gap,Object,matter,High-frequency lemma: matter,Primarily Germanic unless loanword,
2,Free_Lexical,lexical_wave2_frequency_gap,Object,pretty,High-frequency lemma: pretty,Primarily Germanic unless loanword,
2,Free_Lexical,lexical_wave2_frequency_gap,Object,bit,High-frequency lemma: bit,Primarily Germanic unless loanword,
2,Free_Lexical,lexical_wave2_frequency_gap,Object,needs,High-frequency lemma: needs,Old English plural (-s) + stem,
2,Free_Lexical,lexical_wave2_frequency_gap,Object,nice,High-frequency lemma: nice,Primarily Germanic unless loanword,
2,Free_Lexical,lexical_wave2_frequency_gap,Object,playing,High-frequency lemma: playing,Old English (-ing) + stem,
2,Free_Lexical,lexical_wave2_frequency_gap,Helper,probably,High-frequency lemma: probably,Old English (-ly) / mixed,
2,Free_Lexical,lexical_wave2_frequency_gap,Object,saying,High-frequency lemma: saying,Old English (-ing) + stem,
2,Free_Lexical,lexical_wave2_frequency_gap,Object,york,High-frequency lemma: york,Primarily Germanic unless loanword,
2,Free_Lexical,lexical_wave2_frequency_gap,Object,class,High-frequency lemma: class,Old English plural (-s) + stem,
2,Free_Lexical,lexical_wave2_frequency_gap,Object,close,High-frequency lemma: close,Primarily Germanic unless loanword,
2,Free_Lexical,lexical_wave2_frequency_gap,Object,comes,High-frequency lemma: comes,Old English plural (-s) + stem,
2,Free_Lexical,lexical_wave2_frequency_gap,Object,international,High-frequency lemma: international,Primarily Germanic unless loanword,
2,Free_Lexical,lexical_wave2_frequency_gap,Object,looks,High-frequency lemma: looks,Old English plural (-s) + stem,
2,Free_Lexical,lexical_wave2_frequency_gap,Object,possible,High-frequency lemma: possible,Primarily Germanic unless loanword,
2,Free_Lexical,lexical_wave2_frequency_gap,Object,wanted,High-frequency lemma: wanted,Old English weak past (-ed) + stem,
2,Free_Lexical,lexical_wave2_frequency_gap,Object,cause,High-frequency lemma: cause,Primarily Germanic unless loanword,
2,Free_Lexical,lexical_wave2_frequency_gap,Object,due,High-frequency lemma: due,Primarily Germanic unless loanword,
2,Free_Lexical,lexical_wave2_frequency_gap,Object,happy,High-frequency lemma: happy,Primarily Germanic unless loanword,
2,Free_Lexical,lexical_wave2_frequency_gap,Object,members,High-frequency lemma: members,Old English plural (-s) + stem,
2,Free_Lexical,lexical_wave2_frequency_gap,Object,months,High-frequency lemma: months,Old English plural (-s) + stem,
2,Free_Lexical,lexical_wave2_frequency_gap,Tracker,move,motion; relocate,Old French/Latin,
2,Free_Lexical,lexical_wave2_frequency_gap,Object,series,High-frequency lemma: series,Old English plural (-s) + stem,
2,Free_Lexical,lexical_wave2_frequency_gap,Tracker,ask,question; request,Old English,
2,Free_Lexical,lexical_wave2_frequency_gap,Object,data,High-frequency lemma: data,Primarily Germanic unless loanword,
2,Free_Lexical,lexical_wave2_frequency_gap,Tracker,leave,depart; abandon,Old English,
2,Free_Lexical,lexical_wave2_frequency_gap,Location,north,High-frequency lemma: north,Primarily Germanic unless loanword,
2,Free_Lexical,lexical_wave2_frequency_gap,Tracker,saw,past of see,Old English,
2,Free_Lexical,lexical_wave2_frequency_gap,Object,special,High-frequency lemma: special,Primarily Germanic unless loanword,
2,Free_Lexical,lexical_wave2_frequency_gap,Object,fucking,High-frequency lemma: fucking,Old English (-ing) + stem,
2,Free_Lexical,lexical_wave2_frequency_gap,Object,future,High-frequency lemma: future,Primarily Germanic unless loanword,
2,Free_Lexical,lexical_wave2_frequency_gap,Object,police,High-frequency lemma: police,Primarily Germanic unless loanword,
2,Free_Lexical,lexical_wave2_frequency_gap,Object,taken,High-frequency lemma: taken,Primarily Germanic unless loanword,
2,Free_Lexical,lexical_wave2_frequency_gap,Object,deal,High-frequency lemma: deal,Primarily Germanic unless loanword,
2,Free_Lexical,lexical_wave2_frequency_gap,Object,report,High-frequency lemma: report,Primarily Germanic unless loanword,
2,Free_Lexical,lexical_wave2_frequency_gap,Object,soon,High-frequency lemma: soon,Primarily Germanic unless loanword,
2,Free_Lexical,lexical_wave2_frequency_gap,Object,third,High-frequency lemma: third,Primarily Germanic unless loanword,
2,Free_Lexical,lexical_wave2_frequency_gap,Tracker,turn,rotate; change,Old English,
2,Free_Lexical,lexical_wave2_frequency_gap,Object,check,High-frequency lemma: check,Primarily Germanic unless loanword,
2,Free_Lexical,lexical_wave2_frequency_gap,Object,development,High-frequency lemma: development,Latin/French,
2,Free_Lexical,lexical_wave2_frequency_gap,Object,further,High-frequency lemma: further,Primarily Germanic unless loanword,
2,Free_Lexical,lexical_wave2_frequency_gap,Object,minutes,High-frequency lemma: minutes,Old English plural (-s) + stem,
2,Free_Lexical,lexical_wave2_frequency_gap,Object,services,High-frequency lemma: services,Old English plural (-s) + stem,
2,Free_Lexical,lexical_wave2_frequency_gap,Object,act,High-frequency lemma: act,Primarily Germanic unless loanword,
2,Free_Lexical,lexical_wave2_frequency_gap,Tracker,asked,High-frequency lemma: asked,Old English weak past (-ed) + stem,
2,Free_Lexical,lexical_wave2_frequency_gap,Object,fun,High-frequency lemma: fun,Primarily Germanic unless loanword,
2,Free_Lexical,lexical_wave2_frequency_gap,Object,living,High-frequency lemma: living,Old English (-ing) + stem,
2,Free_Lexical,lexical_wave2_frequency_gap,Object,major,High-frequency lemma: major,Primarily Germanic unless loanword,
2,Free_Lexical,lexical_wave2_frequency_gap,Object,media,High-frequency lemma: media,Primarily Germanic unless loanword,
2,Free_Lexical,lexical_wave2_frequency_gap,Object,phone,High-frequency lemma: phone,Primarily Germanic unless loanword,
2,Free_Lexical,lexical_wave2_frequency_gap,Object,players,High-frequency lemma: players,Old English plural (-s) + stem,
2,Free_Lexical,lexical_wave2_frequency_gap,Object,gonna,High-frequency lemma: gonna,Primarily Germanic unless loanword,
2,Free_Lexical,lexical_wave2_frequency_gap,Object,market,High-frequency lemma: market,Primarily Germanic unless loanword,
2,Free_Lexical,lexical_wave2_frequency_gap,Object,non,High-frequency lemma: non,Primarily Germanic unless loanword,
2,Free_Lexical,lexical_wave2_frequency_gap,Object,plan,High-frequency lemma: plan,Primarily Germanic unless loanword,
2,Free_Lexical,lexical_wave2_frequency_gap,Object,talking,High-frequency lemma: talking,Old English (-ing) + stem,
2,Free_Lexical,lexical_wave2_frequency_gap,Location,west,High-frequency lemma: west,Primarily Germanic unless loanword,
2,Free_Lexical,lexical_wave2_frequency_gap,Tracker,works,High-frequency lemma: works,Old English plural (-s) + stem,
2,Free_Lexical,lexical_wave2_frequency_gap,Object,according,High-frequency lemma: according,Old English (-ing) + stem,
2,Free_Lexical,lexical_wave2_frequency_gap,Object,available,High-frequency lemma: available,Primarily Germanic unless loanword,
2,Free_Lexical,lexical_wave2_frequency_gap,Object,former,High-frequency lemma: former,Primarily Germanic unless loanword,
2,Free_Lexical,lexical_wave2_frequency_gap,Object,front,High-frequency lemma: front,Primarily Germanic unless loanword,
2,Free_Lexical,lexical_wave2_frequency_gap,Object,kids,High-frequency lemma: kids,Old English plural (-s) + stem,
2,Free_Lexical,lexical_wave2_frequency_gap,Object,list,High-frequency lemma: list,Primarily Germanic unless loanword,
2,Free_Lexical,lexical_wave2_frequency_gap,Object,ready,High-frequency lemma: ready,Primarily Germanic unless loanword,
2,Free_Lexical,lexical_wave2_frequency_gap,Object,son,High-frequency lemma: son,Primarily Germanic unless loanword,
2,Free_Lexical,lexical_wave2_frequency_gap,Object,college,High-frequency lemma: college,Primarily Germanic unless loanword,
2,Free_Lexical,lexical_wave2_frequency_gap,Object,current,High-frequency lemma: current,Primarily Germanic unless loanword,
2,Free_Lexical,lexical_wave2_frequency_gap,Object,heard,High-frequency lemma: heard,Primarily Germanic unless loanword,
2,Free_Lexical,lexical_wave2_frequency_gap,Object,london,High-frequency lemma: london,Primarily Germanic unless loanword,
2,Free_Lexical,lexical_wave2_frequency_gap,Object,type,High-frequency lemma: type,Primarily Germanic unless loanword,
2,Free_Lexical,lexical_wave2_frequency_gap,Object,baby,High-frequency lemma: baby,Primarily Germanic unless loanword,
2,Free_Lexical,lexical_wave2_frequency_gap,Object,chance,High-frequency lemma: chance,Primarily Germanic unless loanword,
2,Free_Lexical,lexical_wave2_frequency_gap,Object,march,High-frequency lemma: march,Primarily Germanic unless loanword,
2,Free_Lexical,lexical_wave2_frequency_gap,Object,song,High-frequency lemma: song,Primarily Germanic unless loanword,
2,Free_Lexical,lexical_wave2_frequency_gap,Object,action,High-frequency lemma: action,Latin/French,
2,Free_Lexical,lexical_wave2_frequency_gap,Tracker,gave,High-frequency lemma: gave,Primarily Germanic unless loanword,
2,Free_Lexical,lexical_wave2_frequency_gap,Object,gets,High-frequency lemma: gets,Old English plural (-s) + stem,
2,Free_Lexical,lexical_wave2_frequency_gap,Object,self,High-frequency lemma: self,Primarily Germanic unless loanword,
2,Free_Lexical,lexical_wave2_frequency_gap,Object,students,High-frequency lemma: students,Old English plural (-s) + stem,
2,Free_Lexical,lexical_wave2_frequency_gap,Object,words,High-frequency lemma: words,Old English plural (-s) + stem,
2,Free_Lexical,lexical_wave2_frequency_gap,Object,board,High-frequency lemma: board,Primarily Germanic unless loanword,
2,Free_Lexical,lexical_wave2_frequency_gap,Object,cost,High-frequency lemma: cost,Primarily Germanic unless loanword,
2,Free_Lexical,lexical_wave2_frequency_gap,Object,held,High-frequency lemma: held,Primarily Germanic unless loanword,
2,Free_Lexical,lexical_wave2_frequency_gap,Object,instead,High-frequency lemma: instead,Primarily Germanic unless loanword,
2,Free_Lexical,lexical_wave2_frequency_gap,Object,moment,High-frequency lemma: moment,Latin/French,
2,Free_Lexical,lexical_wave2_frequency_gap,Tracker,seems,High-frequency lemma: seems,Old English plural (-s) + stem,
2,Free_Lexical,lexical_wave2_frequency_gap,Object,thinking,High-frequency lemma: thinking,Old English (-ing) + stem,
2,Free_Lexical,lexical_wave2_frequency_gap,Object,town,High-frequency lemma: town,Primarily Germanic unless loanword,
2,Free_Lexical,lexical_wave2_frequency_gap,Object,wants,High-frequency lemma: wants,Old English plural (-s) + stem,
2,Free_Lexical,lexical_wave2_frequency_gap,Object,de,High-frequency lemma: de,Primarily Germanic unless loanword,
2,Free_Lexical,lexical_wave2_frequency_gap,Object,department,High-frequency lemma: department,Latin/French,
2,Free_Lexical,lexical_wave2_frequency_gap,Object,energy,High-frequency lemma: energy,Primarily Germanic unless loanword,
2,Free_Lexical,lexical_wave2_frequency_gap,Object,fight,High-frequency lemma: fight,Primarily Germanic unless loanword,
2,Free_Lexical,lexical_wave2_frequency_gap,Tracker,hear,perceive sound,Old English,
2,Free_Lexical,lexical_wave2_frequency_gap,Object,played,High-frequency lemma: played,Old English weak past (-ed) + stem,
2,Free_Lexical,lexical_wave2_frequency_gap,Object,points,High-frequency lemma: points,Old English plural (-s) + stem,
2,Free_Lexical,lexical_wave2_frequency_gap,Object,price,High-frequency lemma: price,Primarily Germanic unless loanword,
2,Free_Lexical,lexical_wave2_frequency_gap,Object,rest,High-frequency lemma: rest,Primarily Germanic unless loanword,
2,Free_Lexical,lexical_wave2_frequency_gap,Object,results,High-frequency lemma: results,Old English plural (-s) + stem,
2,Free_Lexical,lexical_wave2_frequency_gap,Object,running,High-frequency lemma: running,Old English (-ing) + stem,
2,Free_Lexical,lexical_wave2_frequency_gap,Object,shows,High-frequency lemma: shows,Old English plural (-s) + stem,
2,Free_Lexical,lexical_wave2_frequency_gap,Object,summer,High-frequency lemma: summer,Primarily Germanic unless loanword,
2,Free_Lexical,lexical_wave2_frequency_gap,Object,term,High-frequency lemma: term,Primarily Germanic unless loanword,
2,Free_Lexical,lexical_wave2_frequency_gap,Object,wife,High-frequency lemma: wife,Primarily Germanic unless loanword,
2,Free_Lexical,lexical_wave2_frequency_gap,Object,america,High-frequency lemma: america,Primarily Germanic unless loanword,
2,Free_Lexical,lexical_wave2_frequency_gap,Object,beautiful,High-frequency lemma: beautiful,Primarily Germanic unless loanword,
2,Free_Lexical,lexical_wave2_frequency_gap,Object,date,High-frequency lemma: date,Primarily Germanic unless loanword,
2,Free_Lexical,lexical_wave2_frequency_gap,Object,goes,High-frequency lemma: goes,Old English plural (-s) + stem,
2,Free_Lexical,lexical_wave2_frequency_gap,Object,killed,High-frequency lemma: killed,Old English weak past (-ed) + stem,
2,Free_Lexical,lexical_wave2_frequency_gap,Object,land,High-frequency lemma: land,Primarily Germanic unless loanword,
2,Free_Lexical,lexical_wave2_frequency_gap,Object,miss,High-frequency lemma: miss,Old English plural (-s) + stem,
2,Free_Lexical,lexical_wave2_frequency_gap,Object,project,High-frequency lemma: project,Primarily Germanic unless loanword,
2,Free_Lexical,lexical_wave2_frequency_gap,Object,sex,High-frequency lemma: sex,Primarily Germanic unless loanword,
2,Free_Lexical,lexical_wave2_frequency_gap,Object,shot,High-frequency lemma: shot,Primarily Germanic unless loanword,
2,Free_Lexical,lexical_wave2_frequency_gap,Object,site,High-frequency lemma: site,Primarily Germanic unless loanword,
2,Free_Lexical,lexical_wave2_frequency_gap,Object,account,High-frequency lemma: account,Primarily Germanic unless loanword,
2,Free_Lexical,lexical_wave2_frequency_gap,Object,co,High-frequency lemma: co,Primarily Germanic unless loanword,
2,Free_Lexical,lexical_wave2_frequency_gap,Helper,especially,High-frequency lemma: especially,Old English (-ly) / mixed,
2,Free_Lexical,lexical_wave2_frequency_gap,Object,eyes,High-frequency lemma: eyes,Old English plural (-s) + stem,
2,Free_Lexical,lexical_wave2_frequency_gap,Object,june,High-frequency lemma: june,Primarily Germanic unless loanword,
2,Free_Lexical,lexical_wave2_frequency_gap,Entity,parents,High-frequency lemma: parents,Old English plural (-s) + stem,
2,Free_Lexical,lexical_wave2_frequency_gap,Object,period,High-frequency lemma: period,Primarily Germanic unless loanword,
2,Free_Lexical,lexical_wave2_frequency_gap,Object,record,High-frequency lemma: record,Primarily Germanic unless loanword,
2,Free_Lexical,lexical_wave2_frequency_gap,Object,similar,High-frequency lemma: similar,Primarily Germanic unless loanword,
2,Free_Lexical,lexical_wave2_frequency_gap,Object,total,High-frequency lemma: total,Primarily Germanic unless loanword,
2,Free_Lexical,lexical_wave2_frequency_gap,Object,above,High-frequency lemma: above,Primarily Germanic unless loanword,
2,Free_Lexical,lexical_wave2_frequency_gap,Object,club,High-frequency lemma: club,Primarily Germanic unless loanword,
2,Free_Lexical,lexical_wave2_frequency_gap,Object,common,High-frequency lemma: common,Primarily Germanic unless loanword,
2,Free_Lexical,lexical_wave2_frequency_gap,Object,died,High-frequency lemma: died,Old English weak past (-ed) + stem,
2,Free_Lexical,lexical_wave2_frequency_gap,Object,film,High-frequency lemma: film,Primarily Germanic unless loanword,
2,Free_Lexical,lexical_wave2_frequency_gap,Object,happened,High-frequency lemma: happened,Old English weak past (-ed) + stem,
2,Free_Lexical,lexical_wave2_frequency_gap,Tracker,knew,past of know,Old English,
2,Free_Lexical,lexical_wave2_frequency_gap,Object,military,High-frequency lemma: military,Primarily Germanic unless loanword,
2,Free_Lexical,lexical_wave2_frequency_gap,Object,perfect,High-frequency lemma: perfect,Primarily Germanic unless loanword,
2,Free_Lexical,lexical_wave2_frequency_gap,Entity,personal,High-frequency lemma: personal,Primarily Germanic unless loanword,
2,Free_Lexical,lexical_wave2_frequency_gap,Object,security,High-frequency lemma: security,Primarily Germanic unless loanword,
2,Free_Lexical,lexical_wave2_frequency_gap,Object,share,High-frequency lemma: share,Primarily Germanic unless loanword,
2,Free_Lexical,lexical_wave2_frequency_gap,Object,tv,High-frequency lemma: tv,Primarily Germanic unless loanword,
2,Free_Lexical,lexical_wave2_frequency_gap,Object,won,High-frequency lemma: won,Primarily Germanic unless loanword,
3,Free_Lexical,lexical_wave2_frequency_gap,Object,april,High-frequency lemma: april,Primarily Germanic unless loanword,
3,Free_Lexical,lexical_wave2_frequency_gap,Object,center,High-frequency lemma: center,Primarily Germanic unless loanword,
3,Free_Lexical,lexical_wave2_frequency_gap,Object,county,High-frequency lemma: county,Primarily Germanic unless loanword,
3,Free_Lexical,lexical_wave2_frequency_gap,Object,couple,High-frequency lemma: couple,Primarily Germanic unless loanword,
3,Free_Lexical,lexical_wave2_frequency_gap,Object,dead,High-frequency lemma: dead,Primarily Germanic unless loanword,
3,Free_Lexical,lexical_wave2_frequency_gap,Object,english,High-frequency lemma: english,Primarily Germanic unless loanword,
3,Free_Lexical,lexical_wave2_frequency_gap,Object,industry,High-frequency lemma: industry,Primarily Germanic unless loanword,
3,Free_Lexical,lexical_wave2_frequency_gap,Object,issues,High-frequency lemma: issues,Old English plural (-s) + stem,
3,Free_Lexical,lexical_wave2_frequency_gap,Object,online,High-frequency lemma: online,Primarily Germanic unless loanword,
3,Free_Lexical,lexical_wave2_frequency_gap,Object,player,High-frequency lemma: player,Primarily Germanic unless loanword,
3,Free_Lexical,lexical_wave2_frequency_gap,Object,private,High-frequency lemma: private,Primarily Germanic unless loanword,
3,Free_Lexical,lexical_wave2_frequency_gap,Object,problems,High-frequency lemma: problems,Old English plural (-s) + stem,
3,Free_Lexical,lexical_wave2_frequency_gap,Object,rights,High-frequency lemma: rights,Old English plural (-s) + stem,
3,Free_Lexical,lexical_wave2_frequency_gap,Object,test,High-frequency lemma: test,Primarily Germanic unless loanword,
3,Free_Lexical,lexical_wave2_frequency_gap,Object,view,High-frequency lemma: view,Primarily Germanic unless loanword,
3,Free_Lexical,lexical_wave2_frequency_gap,Object,weeks,High-frequency lemma: weeks,Old English plural (-s) + stem,
3,Free_Lexical,lexical_wave2_frequency_gap,Object,british,High-frequency lemma: british,Primarily Germanic unless loanword,
3,Free_Lexical,lexical_wave2_frequency_gap,Object,companies,High-frequency lemma: companies,Old English plural (-s) + stem,
3,Free_Lexical,lexical_wave2_frequency_gap,Object,event,High-frequency lemma: event,Primarily Germanic unless loanword,
3,Free_Lexical,lexical_wave2_frequency_gap,Object,higher,High-frequency lemma: higher,Primarily Germanic unless loanword,
3,Free_Lexical,lexical_wave2_frequency_gap,Object,middle,High-frequency lemma: middle,Primarily Germanic unless loanword,
3,Free_Lexical,lexical_wave2_frequency_gap,Object,needed,High-frequency lemma: needed,Old English weak past (-ed) + stem,
3,Free_Lexical,lexical_wave2_frequency_gap,Object,present,High-frequency lemma: present,Primarily Germanic unless loanword,
3,Free_Lexical,lexical_wave2_frequency_gap,Object,sorry,High-frequency lemma: sorry,Primarily Germanic unless loanword,
3,Free_Lexical,lexical_wave2_frequency_gap,Object,takes,High-frequency lemma: takes,Old English plural (-s) + stem,
3,Free_Lexical,lexical_wave2_frequency_gap,Object,training,High-frequency lemma: training,Old English (-ing) + stem,
3,Free_Lexical,lexical_wave2_frequency_gap,Object,wish,High-frequency lemma: wish,Primarily Germanic unless loanword,
3,Free_Lexical,lexical_wave2_frequency_gap,Object,answer,High-frequency lemma: answer,Primarily Germanic unless loanword,
3,Free_Lexical,lexical_wave2_frequency_gap,Object,design,High-frequency lemma: design,Primarily Germanic unless loanword,
3,Free_Lexical,lexical_wave2_frequency_gap,Helper,finally,High-frequency lemma: finally,Old English (-ly) / mixed,
3,Free_Lexical,lexical_wave2_frequency_gap,Object,girls,High-frequency lemma: girls,Old English plural (-s) + stem,
3,Free_Lexical,lexical_wave2_frequency_gap,Tracker,gone,past participle of go,Old English,
3,Free_Lexical,lexical_wave2_frequency_gap,Object,guess,High-frequency lemma: guess,Old English plural (-s) + stem,
3,Free_Lexical,lexical_wave2_frequency_gap,Object,july,High-frequency lemma: july,Primarily Germanic unless loanword,
3,Free_Lexical,lexical_wave2_frequency_gap,Object,king,High-frequency lemma: king,Old English (-ing) + stem,
3,Free_Lexical,lexical_wave2_frequency_gap,Object,policy,High-frequency lemma: policy,Primarily Germanic unless loanword,
