topic,order,kind_code,kind_label,branch,notes,status,weight,parent_code
1,E,1.1.0.0,Overdeity,Gods,DNDTT ~1:E,skeleton,0.15,
1,E,1.2.0.0,Greater Deity,Gods,,skeleton,0.35,
1,E,1.3.0.0,Intermediate Deity,Gods,,skeleton,0.5,
1,E,1.4.0.0,Lesser Deity,Gods,,skeleton,0.75,
1,E,1.5.0.0,Demigod,Gods,,skeleton,1.0,
1,E,1.6.0.0,PC God,Gods,,skeleton,0.25,
1,E,2.1.1.1,Tarrasque,Immortals_Titans,,skeleton,1.0,2.1.1
1,E,2.1.1.2,Phoenix,Immortals_Titans,,skeleton,1.0,2.1.1
1,E,2.1.1.3,Leviathan,Immortals_Titans,,skeleton,1.0,2.1.1
1,E,2.1.1.4,Elder Tempest,Immortals_Titans,,skeleton,1.0,2.1.1
1,E,2.1.1.5,Zaratan,Immortals_Titans,,skeleton,1.0,2.1.1
1,E,2.1.1.6,True Dragons,Immortals_Titans,,skeleton,1.0,2.1.1
1,E,2.1.4.1,Dust Mephit,Immortals_Mephits,,skeleton,1.0,2.1.4
1,E,2.1.4.2,Ice Mephit,Immortals_Mephits,,skeleton,1.0,2.1.4
1,E,2.2.1.0,Angels_LG,Celestials_Fiends,,skeleton,1.0,2.2
1,E,2.2.4.0,Devils_LE,Celestials_Fiends,,skeleton,1.0,2.2
1,E,2.2.6.0,Demons_CE,Celestials_Fiends,,skeleton,1.0,2.2
1,E,2.5.6.1,Lich,Undead,,skeleton,0.4,2.5.6
1,E,2.5.6.2,Vampire,Undead,,skeleton,0.6,2.5.6
1,E,3.1.2.0,Dwarf-Hill,Mortal_Dwarves,,skeleton,1.0,3.1
1,E,3.2.6.1,Elf-High,Mortal_Elven,,skeleton,1.0,3.2.6
1,E,3.2.6.2,Elf-Wood,Mortal_Elven,,skeleton,1.0,3.2.6
1,E,3.4.1.0,Human-Basic,Mortal_Human,,skeleton,1.0,3.4
1,E,3.5.1.2,Kobold,Monstrous_Reptilian,,skeleton,1.0,3.5.1
1,E,4.1.1.2,Canine_Beast,NonHumanoid_Beasts,,skeleton,1.0,4.1.1
1,E,5.1.0.0,Quest-Giver,Named_NPCs,,skeleton,1.0,5
1,E,5.2.0.0,Merchant,Named_NPCs,,skeleton,1.0,5
1,C,1,Artificer,PHB_Class,TOKEN REWORK class table,skeleton,1.0,
1,C,2,Barbarian,PHB_Class,,skeleton,1.0,
1,C,3,Bard,PHB_Class,,skeleton,1.0,
1,C,4,Cleric,PHB_Class,,skeleton,1.0,
1,C,5,Druid,PHB_Class,,skeleton,1.0,
1,C,6,Fighter,PHB_Class,,skeleton,1.0,
1,C,7,Monk,PHB_Class,,skeleton,1.0,
1,C,8,Paladin,PHB_Class,,skeleton,1.0,
1,C,9,Ranger,PHB_Class,,skeleton,1.0,
1,C,10,Rogue,PHB_Class,,skeleton,1.0,
1,C,11,Sorcerer,PHB_Class,,skeleton,1.0,
1,C,12,Warlock,PHB_Class,,skeleton,1.0,
1,C,13,Wizard,PHB_Class,,skeleton,1.0,
2,L,0,Atmosphere,HH_Planet_Biomes,skeleton row,skeleton,1.0,
2,L,1,Marine,HH_Planet_Biomes,,skeleton,1.0,
2,L,2,Glacier,HH_Planet_Biomes,,skeleton,1.0,
2,L,3,Tundra,HH_Planet_Biomes,,skeleton,1.0,
2,L,4,Taiga,HH_Planet_Biomes,,skeleton,1.0,
2,L,5,Cold Desert,HH_Planet_Biomes,,skeleton,1.0,
2,L,6,Hot Desert,HH_Planet_Biomes,,skeleton,1.0,
2,L,7,Tropical Rainforest,HH_Planet_Biomes,,skeleton,1.0,
2,L,8,Wetland,HH_Planet_Biomes,,skeleton,1.0,
2,L,9,Tropical Seasonal Forest,HH_Planet_Biomes,,skeleton,1.0,
2,L,10,Savana,HH_Planet_Biomes,,skeleton,1.0,
2,L,11,Grassland,HH_Planet_Biomes,,skeleton,1.0,
2,L,12,Temperate Deciduous Forest,HH_Planet_Biomes,,skeleton,1.0,
2,L,13,Temperate Rainforest,HH_Planet_Biomes,,skeleton,1.0,
2,L,pool_1,Amethyst The Abyss,HH_Color_Pools,,skeleton,0.5,
2,L,pool_7,Ruby The Nine Hells,HH_Color_Pools,,skeleton,0.5,
2,L,pool_20,Rainbow Circle Sigil,HH_Color_Pools,,skeleton,0.3,
3,O,1.1,Melee,Weapons,,skeleton,1.0,
3,O,1.2,Ranged,Weapons,,skeleton,1.0,
3,O,1.3,Finesse,Weapons,,skeleton,1.0,
3,O,2.1,Light,Armor,,skeleton,1.0,
3,O,2.2,Medium,Armor,,skeleton,1.0,
3,O,2.3,Heavy,Armor,,skeleton,1.0,
3,O,3.1.1,Backpacks_Pouches,Equipment,,skeleton,1.0,
3,O,4.1,Wands,Magic_Items,,skeleton,1.0,
3,O,4.5.1.1,Rings_of_Protection,Jewelry,,skeleton,1.0,
3,O,5.1.1,Coin,Currency,,skeleton,1.0,
3,O,6.1.2.1,Cursed_Relics,Villainous,,skeleton,1.0,
6,D,1,Overdeity_rank,Deity_Rank,TOKEN REWORK,skeleton,0.05,
6,D,2,Greater_deity_rank,Deity_Rank,,skeleton,0.15,
6,D,3,Intermediate_deity_rank,Deity_Rank,,skeleton,0.25,
6,D,4,Lesser_deity_rank,Deity_Rank,,skeleton,0.35,
6,D,5,Demigod_rank,Deity_Rank,,skeleton,0.5,
6,D,6,PC_God_rank,Deity_Rank,,skeleton,0.1,
1,Œ,mad_1,Method_to_Madness,Entity_Special,TOKEN REWORK,skeleton,1.0,
3,¢,gp_1,Gold_Price,Object_Special,,skeleton,1.0,
3,Æ,art_1,Artifact,Object_Special,,skeleton,1.0,
4,≈,net_2,Network,Helper_Special,,skeleton,1.0,
4,!,notif_1,Notifier,Helper_Special,,skeleton,1.0,
5,‰,qp_1,Quest_Progress,Tracker_Special,,skeleton,1.0,
5,ç,corr_1,Corruption,Tracker_Special,,skeleton,1.0,
6,Þ,front_1,Front,Secret_Special,,skeleton,1.0,
1,A,abi_str,Strength,Core_Scores,PHB ability score,skeleton,1.0,
1,A,abi_dex,Dexterity,Core_Scores,,skeleton,1.0,
1,A,abi_con,Constitution,Core_Scores,,skeleton,1.0,
1,A,abi_int,Intelligence,Core_Scores,,skeleton,1.0,
1,A,abi_wis,Wisdom,Core_Scores,,skeleton,1.0,
1,A,abi_cha,Charisma,Core_Scores,,skeleton,1.0,
1,A,abi_str_save,Strength_Save,Saves,,skeleton,1.0,
1,A,abi_dex_save,Dexterity_Save,Saves,,skeleton,1.0,
1,A,abi_con_save,Constitution_Save,Saves,,skeleton,1.0,
1,A,abi_int_save,Intelligence_Save,Saves,,skeleton,1.0,
1,A,abi_wis_save,Wisdom_Save,Saves,,skeleton,1.0,
1,A,abi_cha_save,Charisma_Save,Saves,,skeleton,1.0,
1,A,ski_ath,Athletics_STR,Skills_STR,Athletics,skeleton,1.0,
1,A,ski_acr,Acrobatics_DEX,Skills_DEX,,skeleton,1.0,
1,A,ski_sle,Sleight_of_Hand_DEX,Skills_DEX,,skeleton,1.0,
1,A,ski_ste,Stealth_DEX,Skills_DEX,,skeleton,1.0,
1,A,ski_arc,Arcana_INT,Skills_INT,,skeleton,1.0,
1,A,ski_hist,History_INT,Skills_INT,,skeleton,1.0,
1,A,ski_inv,Investigation_INT,Skills_INT,,skeleton,1.0,
1,A,ski_nat,Nature_INT,Skills_INT,,skeleton,1.0,
1,A,ski_rel,Religion_INT,Skills_INT,,skeleton,1.0,
1,A,ski_ah,Animal_Handling_WIS,Skills_WIS,,skeleton,1.0,
1,A,ski_ins,Insight_WIS,Skills_WIS,,skeleton,1.0,
1,A,ski_med,Medicine_WIS,Skills_WIS,,skeleton,1.0,
1,A,ski_perc,Perception_WIS,Skills_WIS,,skeleton,1.0,
1,A,ski_surv,Survival_WIS,Skills_WIS,,skeleton,1.0,
1,A,ski_dec,Deception_CHA,Skills_CHA,,skeleton,1.0,
1,A,ski_inti,Intimidation_CHA,Skills_CHA,,skeleton,1.0,
1,A,ski_perf,Performance_CHA,Skills_CHA,,skeleton,1.0,
1,A,ski_pers,Persuasion_CHA,Skills_CHA,,skeleton,1.0,
1,F,flw_pride,Hubris,Mental,,skeleton,1.0,
1,F,flw_wrath,Wrathful,Mental,,skeleton,1.0,
1,F,flw_cov,Covetous,Mental,,skeleton,1.0,
1,F,flw_envy,Envious,Mental,,skeleton,1.0,
1,F,flw_lust,Obsessive_Desire,Mental,,skeleton,1.0,
1,F,flw_glut,Gluttonous,Mental,,skeleton,1.0,
1,F,flw_sloth,Apathetic,Mental,,skeleton,1.0,
1,F,flw_para,Paranoid,Mental,,skeleton,1.0,
1,F,flw_anx,Anxious,Mental,,skeleton,1.0,
1,F,flw_dep,Melancholic,Mental,,skeleton,1.0,
1,F,flw_imp,Impulsive,Mental,,skeleton,1.0,
1,F,flw_stub,Stubborn,Mental,,skeleton,1.0,
1,F,flw_naive,Naive,Mental,,skeleton,1.0,
1,F,flw_cruel,Cruel_Streak,Moral,,skeleton,1.0,
1,F,flw_greed,Greedy,Moral,,skeleton,1.0,
1,F,flw_vain,Vain,Moral,,skeleton,1.0,
1,F,flw_hyp,Hypocritical,Moral,,skeleton,1.0,
1,F,flw_phy_limp,Old_Injury,Physical,,skeleton,1.0,
1,F,flw_phy_sick,Chronic_Cough,Physical,,skeleton,1.0,
1,F,flw_phy_weak,Frail,Physical,,skeleton,1.0,
1,F,flw_phy_scar,Disfiguring_Scar,Physical,,skeleton,1.0,
1,F,flw_phy_oneeye,Missing_Eye,Physical,,skeleton,1.0,
1,F,flw_phy_mute,Soft_Voice,Physical,,skeleton,1.0,
1,F,flw_mag_wild,Wild_Magic_Surge,Magical,,skeleton,1.0,
1,F,flw_mag_curse,Minor_Curse,Magical,,skeleton,1.0,
1,F,flw_mag_geas,Bound_Geas,Magical,,skeleton,1.0,
1,F,flw_soc_rude,Blunt_Manner,Social,,skeleton,1.0,
1,F,flw_soc_shy,Painfully_Shy,Social,,skeleton,1.0,
1,F,flw_soc_goss,Loose_Tongue,Social,,skeleton,1.0,
1,F,flw_soc_debt,Owes_Favors,Social,,skeleton,1.0,
1,F,flw_soc_outlaw,Wanted,Social,,skeleton,1.0,
1,F,flw_phobia,Phobia_Dark,Mental,,skeleton,1.0,
1,F,flw_addict,Substance_Risk,Mental,,skeleton,1.0,
1,F,flw_trust,Trusts_Too_Easily,Mental,,skeleton,1.0,
1,F,flw_venge,Grudge_Keeper,Moral,,skeleton,1.0,
1,G,gol_rev,Revenge,Drive,,skeleton,1.0,
1,G,gol_red,Redemption,Drive,,skeleton,1.0,
1,G,gol_weal,Wealth,Drive,,skeleton,1.0,
1,G,gol_pow,Power,Drive,,skeleton,1.0,
1,G,gol_know,Forbidden_Knowledge,Drive,,skeleton,1.0,
1,G,gol_love,Reunite_Love,Drive,,skeleton,1.0,
1,G,gol_home,Find_Home,Drive,,skeleton,1.0,
1,G,gol_heir,Restore_Lineage,Drive,,skeleton,1.0,
1,G,gol_free,Break_Curse,Drive,,skeleton,1.0,
1,G,gol_topple,Topple_Tyrant,Faction,,skeleton,1.0,
1,G,gol_raise,Raise_Faction,Faction,,skeleton,1.0,
1,G,gol_smug,Smuggle_Network,Faction,,skeleton,1.0,
1,G,gol_temple,Rebuild_Temple,Faction,,skeleton,1.0,
1,G,gol_guild,Master_Guild,Faction,,skeleton,1.0,
1,G,gol_map,Chart_The_Unknown,Exploration,,skeleton,1.0,
1,G,gol_ruin,Plunder_Ruin,Exploration,,skeleton,1.0,
1,G,gol_seal,Seal_Planar_Rift,Exploration,,skeleton,1.0,
1,G,gol_boss,Slay_Nemesis,Combat,,skeleton,1.0,
1,G,gol_arena,Arena_Champion,Combat,,skeleton,1.0,
1,G,gol_dragon,Dragon_Cache,Combat,,skeleton,1.0,
1,G,gol_art,Perfect_Artifact,Craft,,skeleton,1.0,
1,G,gol_spell,Master_Spell,Craft,,skeleton,1.0,
1,G,gol_ship,Own_Ship,Craft,,skeleton,1.0,
1,G,gol_heirloom,Recover_Heirloom,Personal,,skeleton,1.0,
1,G,gol_name,Legendary_Name,Personal,,skeleton,1.0,
1,G,gol_peace,Local_Peace,Altruism,,skeleton,1.0,
1,G,gol_heal,Heal_Plague,Altruism,,skeleton,1.0,
1,G,gol_orph,Protect_Orphans,Altruism,,skeleton,1.0,
1,G,gol_truth,Expose_Conspiracy,Intrigue,,skeleton,1.0,
1,G,gol_spy,Infiltrate,Intrigue,,skeleton,1.0,
1,G,gol_throne,Claim_Throne,Intrigue,,skeleton,1.0,
1,G,gol_immor,Immortality,Forbidden,,skeleton,1.0,
1,G,gol_lich,Lichdom,Forbidden,,skeleton,1.0,
1,G,gol_patron,Please_Patron,Forbidden,,skeleton,1.0,
1,G,gol_wild,Embrace_Wild_Fey,Exploration,,skeleton,1.0,
1,G,gol_under,Underdark_Pact,Exploration,,skeleton,1.0,
2,B,bio_polar,Polar_Ice,Climate,,skeleton,1.0,
2,B,bio_boreal,Boreal_Forest,Climate,,skeleton,1.0,
2,B,bio_taiga,Taiga_Shield,Climate,,skeleton,1.0,
2,B,bio_steppe,Cold_Steppe,Climate,,skeleton,1.0,
2,B,bio_alpine,Alpine_Meadow,Climate,,skeleton,1.0,
2,B,bio_temperate_f,Temperate_Forest,Climate,,skeleton,1.0,
2,B,bio_temperate_g,Temperate_Grassland,Climate,,skeleton,1.0,
2,B,bio_med,Mediterranean_Scrub,Climate,,skeleton,1.0,
2,B,bio_chap,Chaparral,Climate,,skeleton,1.0,
2,B,bio_subtrop_f,Subtropical_Forest,Climate,,skeleton,1.0,
2,B,bio_monsoon,Monsoon_Forest,Climate,,skeleton,1.0,
2,B,bio_mang,Mangrove_Coast,Climate,,skeleton,1.0,
2,B,bio_coral,Coral_Atoll,Climate,,skeleton,1.0,
2,B,bio_volc,Volcanic_Ashland,Extreme,,skeleton,1.0,
2,B,bio_ash,Ash_Wastes,Extreme,,skeleton,1.0,
2,B,bio_fung,Fungal_Cavern,Underground,,skeleton,1.0,
2,B,bio_underlake,Underdark_Lake,Underground,,skeleton,1.0,
2,B,bio_planar_fire,Elemental_Fire,Planar,,skeleton,1.0,
2,B,bio_planar_water,Elemental_Water,Planar,,skeleton,1.0,
2,B,bio_planar_air,Elemental_Air,Planar,,skeleton,1.0,
2,B,bio_planar_earth,Elemental_Earth,Planar,,skeleton,1.0,
2,B,bio_fey,Feywild_Glade,Planar,,skeleton,1.0,
2,B,bio_shadow,Shadowfell_Moor,Planar,,skeleton,1.0,
2,B,bio_urban,Urban_Sprawl,Anthropic,,skeleton,1.0,
2,B,bio_farm,Agrarian_Plain,Anthropic,,skeleton,1.0,
2,H,hub_cross,Crossroads_Inn,Commerce,,skeleton,1.0,
2,H,hub_market,Open_Market,Commerce,,skeleton,1.0,
2,H,hub_docks,Harbor_Docks,Commerce,,skeleton,1.0,
2,H,hub_guild,Adventurers_Guildhall,Civic,,skeleton,1.0,
2,H,hub_temple,Grand_Temple,Civic,,skeleton,1.0,
2,H,hub_keep,Border_Keep,Civic,,skeleton,1.0,
2,H,hub_castle,Castle_Court,Civic,,skeleton,1.0,
2,H,hub_tavern,Tavern_Common_Room,Social,,skeleton,1.0,
2,H,hub_bath,Public_Baths,Social,,skeleton,1.0,
2,H,hub_college,Arcane_College,Knowledge,,skeleton,1.0,
2,H,hub_lib,Royal_Library,Knowledge,,skeleton,1.0,
2,H,hub_obs,Star_Observatory,Knowledge,,skeleton,1.0,
2,H,hub_smith,Master_Smithy,Craft,,skeleton,1.0,
2,H,hub_alch,Alchemist_Lab,Craft,,skeleton,1.0,
2,H,hub_crypt,Burial_Crypt_Entrance,Underworld,,skeleton,1.0,
2,H,hub_sewer,Sewer_Hub,Underworld,,skeleton,1.0,
2,H,hub_cave,Cave_Mouth,Wilderness,,skeleton,1.0,
2,H,hub_portal,Stable_Portal_Room,Planar,,skeleton,1.0,
2,H,hub_planar_t,Planar_Trading_Post,Planar,,skeleton,1.0,
2,H,hub_caravan,Caravan_Camp,Transit,,skeleton,1.0,
2,H,hub_mine,Mine_Headframe,Industry,,skeleton,1.0,
2,H,hub_lumber,Lumber_Yard,Industry,,skeleton,1.0,
2,H,hub_slum,Shanty_Ward,Urban,,skeleton,1.0,
2,H,hub_palace,Palace_Gates,Urban,,skeleton,1.0,
2,H,hub_arena,Fighting_Arena,Entertainment,,skeleton,1.0,
2,H,hub_bard,Bardic_College,Entertainment,,skeleton,1.0,
2,H,hub_druid,Druid_Grove,Sacred,,skeleton,1.0,
2,H,hub_shrine,Roadside_Shrine,Sacred,,skeleton,1.0,
2,H,hub_monas,Monastery,Sacred,,skeleton,1.0,
2,H,hub_tomb,Ancient_Tomb_Entrance,Ruin,,skeleton,1.0,
2,N,nam_river,River_Epithet,Toponym,e.g. Redwater,skeleton,1.0,
2,N,nam_hill,Hill_Fort_Name,Toponym,,skeleton,1.0,
2,N,nam_ford,Ford_Crossing,Toponym,,skeleton,1.0,
2,N,nam_bay,Bay_Harbor,Toponym,,skeleton,1.0,
2,N,nam_isle,Isle_Name,Toponym,,skeleton,1.0,
2,N,nam_pass,Mountain_Pass,Toponym,,skeleton,1.0,
2,N,nam_vale,Vale_Name,Toponym,,skeleton,1.0,
2,N,nam_moor,Moor_Wastes,Toponym,,skeleton,1.0,
2,N,nam_spring,Sacred_Spring,Toponym,,skeleton,1.0,
2,N,nam_oak,Old_Oak_Stand,Toponym,,skeleton,1.0,
2,N,nam_bridge,Stone_Bridge,Toponym,,skeleton,1.0,
2,N,nam_mill,Water_Mill,Toponym,,skeleton,1.0,
2,N,nam_manor,Manor_House,Settlement,,skeleton,1.0,
2,N,nam_hamlet,Hamlet,Settlement,,skeleton,1.0,
2,N,nam_borough,Borough,Settlement,,skeleton,1.0,
2,N,nam_walls,Walled_City,Settlement,,skeleton,1.0,
2,N,nam_citadel,Citadel,Settlement,,skeleton,1.0,
2,N,nam_ruin,Ruined_Name,Ruin,,skeleton,1.0,
2,N,nam_planar,Planar_Locale,Planar,,skeleton,1.0,
2,N,nam_under,Underdark_City,Underground,,skeleton,1.0,
2,Z,zon_wild,Trackless_Wilds,Wilderness,,skeleton,1.0,
2,Z,zon_forest,Deep_Forest,Wilderness,,skeleton,1.0,
2,Z,zon_swamp,Bog_Maze,Wilderness,,skeleton,1.0,
2,Z,zon_desert,Dune_Sea,Wilderness,,skeleton,1.0,
2,Z,zon_peak,Ice_Peaks,Wilderness,,skeleton,1.0,
2,Z,zon_coast,Storm_Coast,Wilderness,,skeleton,1.0,
2,Z,zon_dungeon,Dungeon_Level,Dungeon,,skeleton,1.0,
2,Z,zon_lair,Monster_Lair,Dungeon,,skeleton,1.0,
2,Z,zon_trap,Trapped_Corridor,Dungeon,,skeleton,1.0,
2,Z,zon_puzzle,Puzzle_Chamber,Dungeon,,skeleton,1.0,
2,Z,zon_trove,Treasure_Vault,Dungeon,,skeleton,1.0,
2,Z,zon_haunt,Haunted_Wing,Supernatural,,skeleton,1.0,
2,Z,zon_fey,Fey_Crossing,Supernatural,,skeleton,1.0,
2,Z,zon_curse,Cursed_Glade,Supernatural,,skeleton,1.0,
2,Z,zon_hallow,Hallowed_Ground,Supernatural,,skeleton,1.0,
2,Z,zon_border,Political_Border,Political,,skeleton,1.0,
2,Z,zon_war,War_Camp,Political,,skeleton,1.0,
2,Z,zon_siege,Siege_Line,Political,,skeleton,1.0,
2,Z,zon_slum,Slum_District,Urban,,skeleton,1.0,
2,Z,zon_market,Market_Quarter,Urban,,skeleton,1.0,
2,Z,zon_noble,Noble_Quarter,Urban,,skeleton,1.0,
2,Z,zon_dock,Dock_Ward,Urban,,skeleton,1.0,
2,Z,zon_planar,Planar_Influence,Planar,,skeleton,1.0,
2,Z,zon_safe,Neutral_Ground,Social,,skeleton,1.0,
2,Z,zon_contest,Contested_Territory,Social,,skeleton,1.0,
3,M,mat_wood_oak,Oak,Wood,,skeleton,1.0,
3,M,mat_wood_eb,Ebony,Wood,,skeleton,1.0,
3,M,mat_wood_iron,Ironwood,Wood,,skeleton,1.0,
3,M,mat_steel,Steel,Metal,,skeleton,1.0,
3,M,mat_iron,Wrought_Iron,Metal,,skeleton,1.0,
3,M,mat_bronze,Bronze,Metal,,skeleton,1.0,
3,M,mat_copp,Copper,Metal,,skeleton,1.0,
3,M,mat_silv,Silver,Metal,,skeleton,1.0,
3,M,mat_gold,Gold,Metal,,skeleton,1.0,
3,M,mat_plat,Platinum,Metal,,skeleton,1.0,
3,M,mat_mith,Mithril,Exotic_Metal,,skeleton,1.0,
3,M,mat_adam,Adamantine,Exotic_Metal,,skeleton,1.0,
3,M,mat_ori,Orichalcum,Exotic_Metal,,skeleton,1.0,
3,M,mat_leath,Leather,Textile,,skeleton,1.0,
3,M,mat_hide,Thick_Hide,Textile,,skeleton,1.0,
3,M,mat_silk,Silk,Textile,,skeleton,1.0,
3,M,mat_linen,Linen,Textile,,skeleton,1.0,
3,M,mat_wool,Wool,Textile,,skeleton,1.0,
3,M,mat_stone_gran,Granite,Stone,,skeleton,1.0,
3,M,mat_stone_marb,Marble,Stone,,skeleton,1.0,
3,M,mat_stone_obs,Obsidian,Stone,,skeleton,1.0,
3,M,mat_bone,Bone,Organic,,skeleton,1.0,
3,M,mat_ivory,Ivory,Organic,,skeleton,1.0,
3,M,mat_chitin,Chitin,Organic,,skeleton,1.0,
3,M,mat_dragon,Dragon_Scale,Exotic,,skeleton,1.0,
3,M,mat_glass,Volcanic_Glass,Mineral,,skeleton,1.0,
3,M,mat_crystal,Quartz_Crystal,Mineral,,skeleton,1.0,
3,M,mat_ether,Ethereal_Residue,Magical,,skeleton,1.0,
3,M,mat_shadow,Shadow_Silk,Magical,,skeleton,1.0,
3,M,mat_fey,Fey_Silver,Magical,,skeleton,1.0,
3,R,rar_mund,Mundane,Tier,,skeleton,1.0,
3,R,rar_com,Common,Tier,,skeleton,1.0,
3,R,rar_unc,Uncommon,Tier,,skeleton,1.0,
3,R,rar_rare,Rare,Tier,,skeleton,1.0,
3,R,rar_vrare,Very_Rare,Tier,,skeleton,1.0,
3,R,rar_leg,Legendary,Tier,,skeleton,1.0,
3,R,rar_art,Artifact,Tier,,skeleton,1.0,
3,R,rar_unique,Unique,Tier,,skeleton,1.0,
3,R,rar_curs,Cursed,Tag,,skeleton,1.0,
3,R,rar_boon,Blessed,Tag,,skeleton,1.0,
3,R,rar_sent,Sentient,Tag,,skeleton,1.0,
3,R,rar_frag,Fractured,Tag,,skeleton,1.0,
3,U,util_tool_sm,Smith_Tools,Tools,,skeleton,1.0,
3,U,util_tool_th,Thieves_Tools,Tools,,skeleton,1.0,
3,U,util_tool_nav,Navigators_Tools,Tools,,skeleton,1.0,
3,U,util_tool_herb,Herbalism_Kit,Tools,,skeleton,1.0,
3,U,util_tool_disg,Disguise_Kit,Tools,,skeleton,1.0,
3,U,util_light,Lantern,Light,,skeleton,1.0,
3,U,util_rope,Silk_Rope,Mobility,,skeleton,1.0,
3,U,util_grapple,Grappling_Hook,Mobility,,skeleton,1.0,
3,U,util_lock,Lockpicks,Security,,skeleton,1.0,
3,U,util_key,Skeleton_Key,Security,,skeleton,1.0,
3,U,util_map,Survey_Map,Information,,skeleton,1.0,
3,U,util_spy,Spyglass,Information,,skeleton,1.0,
3,U,util_kit,Healers_Kit,Medical,,skeleton,1.0,
3,U,util_ant,Antitoxin,Medical,,skeleton,1.0,
3,U,util_ration,Iron_Rations,Survival,,skeleton,1.0,
3,U,util_water,Waterskin,Survival,,skeleton,1.0,
3,U,util_tent,Travel_Tent,Survival,,skeleton,1.0,
3,U,util_bag,Bag_of_Holding_Style,Storage,,skeleton,1.0,
3,U,util_cart,Hand_Cart,Transport,,skeleton,1.0,
3,U,util_ship,Skiff,Transport,,skeleton,1.0,
3,U,util_instrument,Signal_Horn,Communication,,skeleton,1.0,
3,U,util_whistle,Silent_Whistle,Communication,,skeleton,1.0,
3,U,util_chalk,Rune_Chalk,Ritual,,skeleton,1.0,
3,U,util_inc,Incense,Ritual,,skeleton,1.0,
3,U,util_comp,Arcane_Focus_Comp,Spellcasting,,skeleton,1.0,
3,U,util_wand,Spell_Focus_Wand,Spellcasting,,skeleton,1.0,
3,O,7.1.1,Potion_Healing,Consumables,,skeleton,1.0,
3,O,7.1.2,Potion_Invisibility,Consumables,,skeleton,1.0,
3,O,7.1.3,Elixir_Fire_Resist,Consumables,,skeleton,1.0,
3,O,7.2.1,Scroll_Spell_L1,Scrolls,,skeleton,1.0,
3,O,7.2.2,Scroll_Spell_L3,Scrolls,,skeleton,1.0,
3,O,7.3.1,Poison_Basic,Poisons,,skeleton,1.0,
3,O,7.3.2,Antidote,Poisons,,skeleton,1.0,
3,O,8.1.1,Cart_Wagon,Vehicles,,skeleton,1.0,
3,O,8.1.2,Sailing_Ship,Vehicles,,skeleton,1.0,
3,O,8.2.1,Trade_Spice,Trade_Goods,,skeleton,1.0,
3,O,8.2.2,Trade_Textile_Bolt,Trade_Goods,,skeleton,1.0,
3,O,8.2.3,Trade_Ore_Bar,Trade_Goods,,skeleton,1.0,
3,O,9.1.1,Musical_Instrument,Entertainment,,skeleton,1.0,
3,O,9.1.2,Chess_Set,Entertainment,,skeleton,1.0,
3,O,10.1.1,Holy_Symbol_Amulet,Religious,,skeleton,1.0,
3,O,10.1.2,Reliquary,Religious,,skeleton,1.0,
3,O,11.1.1,Spy_Encoder_Ring,Intrigue,,skeleton,1.0,
3,O,11.1.2,Forged_Document,Intrigue,,skeleton,1.0,
3,O,12.1.1,Alchemist_Fire,Alchemical,,skeleton,1.0,
3,O,12.1.2,Acid_Vial,Alchemical,,skeleton,1.0,
4,N,hn_pat,Patronym_Style,Onomastics,,skeleton,1.0,
4,N,hn_mat,Matronym_Style,Onomastics,,skeleton,1.0,
4,N,hn_place,Toponym_Byline,Onomastics,,skeleton,1.0,
4,N,hn_epit,Epithet_Name,Onomastics,,skeleton,1.0,
4,N,hn_nick,Nickname,Onomastics,,skeleton,1.0,
4,N,hn_alias,Alias,Onomastics,,skeleton,1.0,
4,N,hn_title,Titled_Name,Onomastics,,skeleton,1.0,
4,N,hn_monon,Mononym,Onomastics,,skeleton,1.0,
4,T,ht_merc,Mercenary,Role,,skeleton,1.0,
4,T,ht_sage,Sage,Role,,skeleton,1.0,
4,T,ht_guide,Wilderness_Guide,Role,,skeleton,1.0,
4,T,ht_smith,Smith,Role,,skeleton,1.0,
4,T,ht_merch,Merchant,Role,,skeleton,1.0,
4,T,ht_priest,Priest,Role,,skeleton,1.0,
4,T,ht_bard,Bard,Role,,skeleton,1.0,
4,T,ht_rogue,Rogue,Role,,skeleton,1.0,
4,T,ht_noble,Noble,Role,,skeleton,1.0,
4,T,ht_common,Commoner,Role,,skeleton,1.0,
4,T,ht_guard,Guard,Role,,skeleton,1.0,
4,T,ht_sailor,Sailor,Role,,skeleton,1.0,
4,V,hv_run,Run,Motion,,skeleton,1.0,
4,V,hv_hide,Hide,Stealth,,skeleton,1.0,
4,V,hv_seek,Seek,Quest,,skeleton,1.0,
4,V,hv_bind,Bind,Control,,skeleton,1.0,
4,V,hv_free,Free,Liberation,,skeleton,1.0,
4,V,hv_swear,Swear_Oath,Social,,skeleton,1.0,
4,V,hv_betray,Betray,Social,,skeleton,1.0,
4,V,hv_forgive,Forgive,Social,,skeleton,1.0,
4,V,hv_smith,Forge,Craft,,skeleton,1.0,
4,V,hv_read,Decipher,Knowledge,,skeleton,1.0,
4,V,hv_sing,Sing,Performance,,skeleton,1.0,
4,V,hv_duel,Duel,Combat,,skeleton,1.0,
4,S,hs_evoc,Evocation_Burst,School,,skeleton,1.0,
4,S,hs_abjur,Abjuration_Ward,School,,skeleton,1.0,
4,S,hs_div,Divination_Scry,School,,skeleton,1.0,
4,S,hs_illus,Illusion_Veil,School,,skeleton,1.0,
4,S,hs_necro,Necromancy_Rite,School,,skeleton,1.0,
4,S,hs_trans,Transmutation,School,,skeleton,1.0,
4,S,hs_ench,Enchantment_Charm,School,,skeleton,1.0,
4,S,hs_conj,Conjuration_Summon,School,,skeleton,1.0,
4,S,hs_cantrip,Cantrip_Trick,Tier,,skeleton,1.0,
4,S,hs_ritual,Ritual_Circle,Tier,,skeleton,1.0,
4,S,hs_meta,Metamagic_Twist,Tier,,skeleton,1.0,
5,J,tj_code,Code_of_Law,Law,,skeleton,1.0,
5,J,tj_trial,Trial_By_Ordeal,Law,,skeleton,1.0,
5,J,tj_bounty,Bounty_System,Law,,skeleton,1.0,
5,J,tj_outlaw,Outlawry,Law,,skeleton,1.0,
5,J,tj_martial,Martial_Law,Law,,skeleton,1.0,
5,J,tj_tithe,Temple_Courts,Law,,skeleton,1.0,
5,J,tj_vigil,Vigilante_Pact,Law,,skeleton,1.0,
5,K,tk_rumor,Tavern_Rumor,Rumor,,skeleton,1.0,
5,K,tk_map,Fragment_Map,Rumor,,skeleton,1.0,
5,K,tk_prophe,Prophecy_Snippet,Rumor,,skeleton,1.0,
5,K,tk_letter,Intercepted_Letter,Rumor,,skeleton,1.0,
5,K,tk_dream,Shared_Dream,Rumor,,skeleton,1.0,
5,K,tk_scry,Scrying_Glimpse,Rumor,,skeleton,1.0,
5,K,tk_echo,Echo_From_Future,Rumor,,skeleton,1.0,
5,W,tw_plague,Plague_Vector,Network,,skeleton,1.0,
5,W,tw_cult,Cult_Recruitment,Network,,skeleton,1.0,
5,W,tw_trade,Trade_Route,Network,,skeleton,1.0,
5,W,tw_news,News_Rider,Network,,skeleton,1.0,
5,W,tw_relig,Mass_Pilgrimage,Network,,skeleton,1.0,
5,W,tw_panic,Mass_Panic,Network,,skeleton,1.0,
5,W,tw_belief,Meme_Belief,Network,,skeleton,1.0,
5,Y,ty_anc,Ancient_Era,Epoch,,skeleton,1.0,
5,Y,ty_dark,Dark_Age,Epoch,,skeleton,1.0,
5,Y,ty_gold,Golden_Age,Epoch,,skeleton,1.0,
5,Y,ty_war,Wartime,Epoch,,skeleton,1.0,
5,Y,ty_fey,Fey_Cycle,Epoch,,skeleton,1.0,
5,Y,ty_prop,Prophecy_Year,Epoch,,skeleton,1.0,
5,Y,ty_cat,Cataclysm_Year,Epoch,,skeleton,1.0,
6,I,si_bridge,Bridge_Cluster,Info,,skeleton,1.0,
6,I,si_road,Road_Net,Info,,skeleton,1.0,
6,I,si_post,Courier_Post,Info,,skeleton,1.0,
6,I,si_scry,Scry_Net,Info,,skeleton,1.0,
6,I,si_sigil,Sigil_Chain,Info,,skeleton,1.0,
6,I,si_book,Banned_Book,Info,,skeleton,1.0,
6,P,sp_throne,Throne_Power,Power,,skeleton,1.0,
6,P,sp_arcane,Arcane_Leyline,Power,,skeleton,1.0,
6,P,sp_divine,Divine_Mandate,Power,,skeleton,1.0,
6,P,sp_pact,Warlock_Pact,Power,,skeleton,1.0,
6,P,sp_blood,Bloodline,Power,,skeleton,1.0,
6,P,sp_oath,Paladin_Oath,Power,,skeleton,1.0,
6,Q,sq_sw,Somebody_Wanted,Quest_Frame,,skeleton,1.0,
6,Q,sq_but,But_Complication,Quest_Frame,,skeleton,1.0,
6,Q,sq_so,So_Resolution,Quest_Frame,,skeleton,1.0,
6,Q,sq_hex,Hex_Crawl,Quest_Frame,,skeleton,1.0,
6,Q,sq_heist,Heist_Beat,Quest_Frame,,skeleton,1.0,
6,Q,sq_myst,Mystery_Clue,Quest_Frame,,skeleton,1.0,
6,X,sx_void,Void_Secret,Secret,,skeleton,1.0,
6,X,sx_true,True_Name,Secret,,skeleton,1.0,
6,X,sx_blood,Blood_Pact,Secret,,skeleton,1.0,
6,X,sx_map,Hidden_Map,Secret,,skeleton,1.0,
6,X,sx_heir,Hidden_Heir,Secret,,skeleton,1.0,
6,X,sx_twin,Twin_World,Secret,,skeleton,1.0,
2,¥,yl_mon,Monolith,Landmark,,skeleton,1.0,
2,¥,yl_tree,World_Tree_Shard,Landmark,,skeleton,1.0,
2,¥,yl_gate,Old_Gate,Landmark,,skeleton,1.0,
2,¥,yl_well,Wishing_Well,Landmark,,skeleton,1.0,
2,¥,yl_stat,Colossus,Landmark,,skeleton,1.0,
2,ř,rr_fort,Ruined_Fort,Ruin,,skeleton,1.0,
2,ř,rr_city,Fallen_City,Ruin,,skeleton,1.0,
2,ř,rr_temple,Buried_Temple,Ruin,,skeleton,1.0,
2,ř,rr_bridge,Collapsed_Bridge,Ruin,,skeleton,1.0,
2,ř,rr_tomb,Kings_Tomb,Ruin,,skeleton,1.0,
2,ř,rr_mine,Cursed_Mine,Ruin,,skeleton,1.0,
1,E,eth_patron,Patron_as_Entity,Holonic_Table,PC bond or rival,skeleton,1.0,
1,E,eth_rival,Rival_NPC,Holonic_Table,,skeleton,1.0,
1,E,eth_witness,Witness_to_Oath,Holonic_Table,,skeleton,1.0,
1,E,eth_exile,Exiled_Noble,Holonic_Table,,skeleton,1.0,
1,E,eth_warlock,Pact_Bearer,Holonic_Table,,skeleton,1.0,
1,A,eth_save,Contested_Save,Session_Seed,dramatic roll moment,skeleton,1.0,
1,G,eth_g_twist,Goal_Reversal,Narrative,,skeleton,1.0,
1,F,eth_f_mask,Hidden_Flaw,Intrigue,,skeleton,1.0,
1,C,eth_c_oath,Oathbound_Class,Sacred,,skeleton,1.0,
2,L,eth_cross,Leyline_Crossing,Mystic,,skeleton,1.0,
2,L,eth_bord,Borderlands,Political,,skeleton,1.0,
2,B,eth_bio,Corrupted_Biome,Horror,,skeleton,1.0,
2,H,eth_h_safe,Neutral_Ground_Hub,Social,,skeleton,1.0,
2,Z,eth_z_fey,Fey_Twist_Zone,Planar,,skeleton,1.0,
2,H,eth_h_guild,Guild_Enlave,Faction,,skeleton,1.0,
3,O,eth_o_bond,Bonded_Item_Candidate,Character,,skeleton,1.0,
3,O,eth_o_hex,Hexed_Gear,Horror,,skeleton,1.0,
3,O,eth_o_rel,Relic_of_Order,Faction,,skeleton,1.0,
3,M,eth_m_liv,Living_Metal,Wonder,,skeleton,1.0,
3,R,eth_r_sent,Sentient_Item,Wonder,,skeleton,1.0,
4,N,eth_n_prop,Prophetic_Name,Mystery,,skeleton,1.0,
4,T,eth_t_inn,Innkeeper_Type,Commerce,,skeleton,1.0,
4,V,eth_v_oath,Swear_Vow_Verb,Sacred,,skeleton,1.0,
4,S,eth_s_rune,Rune_Cantrip,Low_Magic,,skeleton,1.0,
5,K,eth_k_false,False_Rumor,Intrigue,,skeleton,1.0,
5,W,eth_w_faith,Mass_Conversion,Religion,,skeleton,1.0,
5,J,eth_j_trial,Show_Trial,Drama,,skeleton,1.0,
5,Y,eth_y_prop,Prophecy_Year_Mark,Time,,skeleton,1.0,
6,I,eth_i_snip,Snipped_Info,Espionage,,skeleton,1.0,
6,P,eth_p_throne,Throne_Shock,Political,,skeleton,1.0,
6,Q,eth_q_escort,Escort_Timer,Adventure,,skeleton,1.0,
6,X,eth_x_mirror,Mirror_World,Wonder,,skeleton,1.0,
6,D,eth_d_lost,Lost_Cult,Horror,,skeleton,1.0,
1,Œ,eth_mad,Obsession_Loop,Psych,,skeleton,1.0,
3,Æ,eth_artifact,World_Wonder,Epic,,skeleton,1.0,
2,¥,eth_lm_stone,Menhir_Line,Ancient,,skeleton,1.0,
4,≈,eth_net_cell,Spy_Cell,Intrigue,,skeleton,1.0,
2,Z,zon_river,River_Course,Wilderness,,skeleton,1.0,
2,Z,zon_glacier,Glacier_Field,Wilderness,,skeleton,1.0,
2,Z,zon_canyon,Canyon_Maze,Wilderness,,skeleton,1.0,
2,Z,zon_jungle,Jungle_Canopy,Wilderness,,skeleton,1.0,
2,Z,zon_steppe,Wind_Steppe,Wilderness,,skeleton,1.0,
2,Z,zon_cavern,Cavern_System,Dungeon,,skeleton,1.0,
2,Z,zon_crypt,Burial_Crypt,Dungeon,,skeleton,1.0,
2,Z,zon_arcane_lab,Arcane_Laboratory,Dungeon,,skeleton,1.0,
2,Z,zon_bazaar,Night_Bazaar,Urban,,skeleton,1.0,
2,Z,zon_inner_temple,Inner_Sanctum,Urban,,skeleton,1.0,
2,Z,zon_rooftop,Rooftop_Gallery,Urban,,skeleton,1.0,
2,Z,zon_undercity,Undercity_Warren,Urban,,skeleton,1.0,
2,Z,zon_blood_arena,Blood_Arena,Urban,,skeleton,1.0,
2,Z,zon_clan_moot,Clan_Moot,Social,,skeleton,1.0,
2,Z,zon_throne_room,Throne_Room,Political,,skeleton,1.0,
2,Z,zon_border_fort,Border_Fort,Political,,skeleton,1.0,
2,Z,zon_planar_rift,Planar_Rift_Zone,Planar,,skeleton,1.0,
3,U,util_wpn_shortsword,Weapon_Shortsword,Arms,,skeleton,1.0,
3,U,util_wpn_longsword,Weapon_Longsword,Arms,,skeleton,1.0,
3,U,util_wpn_rapier,Weapon_Rapier,Arms,,skeleton,1.0,
3,U,util_wpn_greataxe,Weapon_Greataxe,Arms,,skeleton,1.0,
3,U,util_wpn_halberd,Weapon_Halberd,Arms,,skeleton,1.0,
3,U,util_wpn_bow,Weapon_Longbow,Arms,,skeleton,1.0,
3,U,util_wpn_crossbow,Weapon_Crossbow,Arms,,skeleton,1.0,
3,U,util_wpn_dagger,Weapon_Dagger,Arms,,skeleton,1.0,
3,U,util_shield,Shield,Arms,,skeleton,1.0,
3,U,util_tool_wood,Carpenters_Tools,Artisan,,skeleton,1.0,
3,U,util_tool_mason,Masons_Tools,Artisan,,skeleton,1.0,
3,U,util_tool_jewel,Jewelers_Tools,Artisan,,skeleton,1.0,
3,U,util_tool_potter,Potters_Tools,Artisan,,skeleton,1.0,
3,U,util_tool_weaver,Weavers_Tools,Artisan,,skeleton,1.0,
3,U,util_tool_brew,Brewers_Supplies,Artisan,,skeleton,1.0,
3,U,util_tool_cook,Cooks_Utensils,Artisan,,skeleton,1.0,
3,U,util_tool_tinker,Tinkers_Tools,Artisan,,skeleton,1.0,
3,U,util_tool_cartog,Cartographers_Tools,Artisan,,skeleton,1.0,
3,U,util_tool_callig,Calligraphers_Supplies,Artisan,,skeleton,1.0,
3,U,util_tool_glass,Glassblowers_Tools,Artisan,,skeleton,1.0,
3,U,util_tool_leath,Leatherworkers_Tools,Artisan,,skeleton,1.0,
3,U,util_tool_cobbler,Cobblers_Tools,Artisan,,skeleton,1.0,
3,U,util_tool_ship,Shipwrights_Tools,Artisan,,skeleton,1.0,
3,U,util_tool_paint,Painters_Supplies,Artisan,,skeleton,1.0,
3,U,util_tool_locksmith,Locksmith_Tools,Tools,,skeleton,1.0,
3,U,util_tool_net,Fishing_Tackle,Tools,,skeleton,1.0,
3,U,util_tool_trap,Trappers_Tools,Tools,,skeleton,1.0,
4,V,hv_climb,Climb,Motion,,skeleton,1.0,
4,V,hv_swim,Swim,Motion,,skeleton,1.0,
4,V,hv_leap,Leap,Motion,,skeleton,1.0,
4,V,hv_fly,Fly,Motion,,skeleton,1.0,
4,V,hv_creep,Creep,Stealth,,skeleton,1.0,
4,V,hv_stalk,Stalk,Stealth,,skeleton,1.0,
4,V,hv_ambush,Ambush,Combat,,skeleton,1.0,
4,V,hv_parry,Parry,Combat,,skeleton,1.0,
4,V,hv_shield,Shield_Ally,Combat,,skeleton,1.0,
4,V,hv_heal,Tend_Wounds,Support,,skeleton,1.0,
4,V,hv_inspire,Inspire,Social,,skeleton,1.0,
4,V,hv_negotiate,Negotiate,Social,,skeleton,1.0,
4,V,hv_deceive,Deceive,Social,,skeleton,1.0,
4,V,hv_intimidate,Intimidate,Social,,skeleton,1.0,
4,V,hv_persuade,Persuade,Social,,skeleton,1.0,
4,V,hv_bargain,Bargain,Commerce,,skeleton,1.0,
4,V,hv_hunt,Hunt,Survival,,skeleton,1.0,
4,V,hv_forage,Forage,Survival,,skeleton,1.0,
4,V,hv_track,Track,Survival,,skeleton,1.0,
4,V,hv_build,Build,Craft,,skeleton,1.0,
4,V,hv_repair,Repair,Craft,,skeleton,1.0,
4,V,hv_brew,Brew,Craft,,skeleton,1.0,
4,V,hv_cook,Cook,Craft,,skeleton,1.0,
4,V,hv_draw,Draw_Map,Knowledge,,skeleton,1.0,
4,V,hv_memorize,Memorize,Knowledge,,skeleton,1.0,
4,V,hv_witness,Witness,Social,,skeleton,1.0,
4,V,hv_consecrate,Consecrate,Sacred,,skeleton,1.0,
4,V,hv_desecrate,Desecrate,Taboo,,skeleton,1.0,
4,V,hv_summon,Summon,Magic,,skeleton,1.0,
4,V,hv_banish,Banish,Magic,,skeleton,1.0,
4,V,hv_scout,Scout,Tactics,,skeleton,1.0,
4,V,hv_rally,Rally,Leadership,,skeleton,1.0,
4,V,hv_guard,Stand_Guard,Duty,,skeleton,1.0,
4,V,hv_escape,Escape,Motion,,skeleton,1.0,
4,V,hv_charm,Charm,Magic,,skeleton,1.0,
4,V,hv_disarm,Disarm,Combat,,skeleton,1.0,
6,X,sx_forged,Forged_Lineage,Secret,,skeleton,1.0,
6,X,sx_fae,Fae_Deal,Secret,,skeleton,1.0,
6,X,sx_lich,Phylactery_Hint,Secret,,skeleton,1.0,
6,X,sx_dragon,Dragon_Pact,Secret,,skeleton,1.0,
6,X,sx_artifact,Artifact_Key,Secret,,skeleton,1.0,
6,X,sx_gate,Hidden_Gate,Secret,,skeleton,1.0,
6,X,sx_time,Time_Loop,Secret,,skeleton,1.0,
6,X,sx_prophecy,Prophecy_Block,Secret,,skeleton,1.0,
6,X,sx_blackmail,Blackmail_Material,Secret,,skeleton,1.0,
6,X,sx_impostor,Impostor_Identity,Secret,,skeleton,1.0,
6,X,sx_cult,Cult_Cell,Secret,,skeleton,1.0,
6,X,sx_treasure,Buried_Treasure,Secret,,skeleton,1.0,
6,X,sx_murder,Covered_Murder,Secret,,skeleton,1.0,
6,X,sx_affair,Forbidden_Affair,Secret,,skeleton,1.0,
6,X,sx_prisoner,Hidden_Prisoner,Secret,,skeleton,1.0,
6,X,sx_doppel,Doppelganger,Secret,,skeleton,1.0,
6,X,sx_curse,Bloodline_Curse,Secret,,skeleton,1.0,
6,X,sx_alliance,Secret_Alliance,Secret,,skeleton,1.0,
6,X,sx_sabotage,Sabotage_Plan,Secret,,skeleton,1.0,
6,X,sx_plague,Engineered_Plague,Secret,,skeleton,1.0,
6,X,sx_mirror,Mirror_Conspiracy,Secret,,skeleton,1.0,
6,X,sx_vault,Empty_Vault,Secret,,skeleton,1.0,
6,X,sx_will,Forged_Will,Secret,,skeleton,1.0,
